NAV date;ETC value;Underlying
16.04.2026;272,07;4.793,60
15.04.2026;273,8;4.823,25
14.04.2026;272,2;4.794,75
13.04.2026;268,15;4.722,65
10.04.2026;271,09;4.773,75
09.04.2026;270,47;4.762,60
08.04.2026;272,22;4.792,55
07.04.2026;262,07;4.611,70
02.04.2026;263,67;4.639,35
01.04.2026;269,39;4.739,00
31.03.2026;262,08;4.608,35
30.03.2026;257,62;4.529,15
27.03.2026;256,22;4.504,15
26.03.2026;253,52;4.456,45
25.03.2026;259,73;4.564,55
24.03.2026;251,15;4.413,55
23.03.2026;254,17;4.466,25
20.03.2026;259,63;4.562,55
19.03.2026;261,8;4.600,35
18.03.2026;277,18;4.869,95
17.03.2026;285,57;5.016,80
16.03.2026;284,35;4.994,85
13.03.2026;287,2;5.044,60
12.03.2026;292,12;5.130,10
11.03.2026;295,16;5.182,40
10.03.2026;296,74;5.209,70
09.03.2026;289,77;5.086,35
06.03.2026;292,15;5.127,55
05.03.2026;290,83;5.104,05
04.03.2026;293,41;5.148,55
03.03.2026;286,91;5.033,65
02.03.2026;303,13;5.313,90
27.02.2026;297,89;5.222,30
26.02.2026;294,77;5.167,35
25.02.2026;296,2;5.191,55
24.02.2026;292,16;5.120,25
23.02.2026;296,25;5.191,40
20.02.2026;288,41;5.053,20
19.02.2026;285,67;5.004,80
18.02.2026;285,63;5.003,30
17.02.2026;277,55;4.861,45
16.02.2026;283,9;4.972,10
13.02.2026;285,23;4.994,95
12.02.2026;288,01;5.043,15
11.02.2026;290,04;5.077,85
10.02.2026;287,4;5.031,40
09.02.2026;287,88;5.039,55
06.02.2026;282,72;4.948,00
05.02.2026;276,99;4.847,25
04.02.2026;284,92;4.985,10
03.02.2026;281,28;4.920,95
02.02.2026;269,48;4.714,75
30.01.2026;284,89;4.981,85
29.01.2026;309,25;5.405,00
28.01.2026;303,69;5.306,95
27.01.2026;289,84;5.064,25
26.01.2026;291,37;5.090,80
23.01.2026;283,21;4.946,25
22.01.2026;277,08;4.832,05
21.01.2026;279,1;4.866,50
20.01.2026;272,31;4.747,80
19.01.2026;267,71;4.666,85
16.01.2026;264,54;4.611,05
15.01.2026;264,55;4.610,85
14.01.2026;264,35;4.606,50
13.01.2026;265,32;4.623,05
12.01.2026;264,76;4.612,95
09.01.2026;257,97;4.493,85
08.01.2026;254,27;4.429,35
07.01.2026;254,81;4.438,00
06.01.2026;257,84;4.490,35
05.01.2026;255,91;4.456,40
02.01.2026;249,97;4.352,95
31.12.2025;247,4;4.307,95
30.12.2025;250,89;4.367,80
29.12.2025;249,17;4.337,05
24.12.2025;257,12;4.480,80
23.12.2025;255,34;4.449,40
22.12.2025;253,81;4.421,65
19.12.2025;249,03;4.337,60
18.12.2025;248,8;4.333,35
17.12.2025;249,34;4.342,10
16.12.2025;248,32;4.324,20
15.12.2025;247,86;4.315,85
12.12.2025;249,67;4.346,95
11.12.2025;242,99;4.230,35
10.12.2025;241,31;4.200,15
09.12.2025;241,2;4.198,00
08.12.2025;240,66;4.188,25
05.12.2025;243,83;4.243,00
04.12.2025;241,41;4.200,60
03.12.2025;242,01;4.210,30
02.12.2025;242,28;4.214,75
01.12.2025;243,69;4.238,85
28.11.2025;240,98;4.191,05
27.11.2025;238,86;4.153,95
26.11.2025;238,08;4.139,60
25.11.2025;237,37;4.126,45
24.11.2025;234,85;4.082,05
21.11.2025;234,35;4.072,85
20.11.2025;235,39;4.090,60
19.11.2025;237,53;4.126,95
18.11.2025;233,72;4.060,85
17.11.2025;234,41;4.072,50
14.11.2025;234,35;4.071,10
13.11.2025;241,54;4.195,65
12.11.2025;238,21;4.136,75
11.11.2025;237,45;4.123,30
10.11.2025;235,57;4.090,25
07.11.2025;230,05;3.994,10
06.11.2025;229,65;3.986,50
05.11.2025;228,64;3.968,20
04.11.2025;227,67;3.951,10
03.11.2025;231,97;4.025,25
31.10.2025;231,2;4.011,50
30.10.2025;230,21;3.994,15
29.10.2025;231;4.006,70
28.10.2025;227,65;3.948,50
27.10.2025;228,96;3.970,80
24.10.2025;236,68;4.104,40
23.10.2025;238,96;4.143,75
22.10.2025;234,76;4.070,00
21.10.2025;240,53;4.169,60
20.10.2025;247,77;4.294,35
17.10.2025;243,77;4.224,75
16.10.2025;245,94;4.261,95
15.10.2025;242,69;4.204,60
14.10.2025;238,2;4.126,30
13.10.2025;236,47;4.095,95
10.10.2025;229,49;3.974,50
09.10.2025;232,1;4.019,25
08.10.2025;233,36;4.040,05
07.10.2025;229,84;3.979,00
06.10.2025;228,15;3.949,45
03.10.2025;224,48;3.885,70
02.10.2025;224,06;3.878,10
01.10.2025;223,75;3.872,00
30.09.2025;221,07;3.825,30
29.09.2025;221,18;3.826,85
26.09.2025;217,93;3.769,85
25.09.2025;215,69;3.730,75
24.09.2025;217,52;3.761,60
23.09.2025;218,83;3.783,80
22.09.2025;215,14;3.719,70
19.09.2025;211,9;3.663,15
18.09.2025;210,79;3.643,70
17.09.2025;213,01;3.681,00
16.09.2025;213,86;3.695,40
15.09.2025;211,7;3.657,65
12.09.2025;211,35;3.651,10
11.09.2025;210,12;3.629,55
10.09.2025;211,39;3.650,75
09.09.2025;211,34;3.649,55
08.09.2025;210,37;3.632,65
05.09.2025;208,19;3.594,55
04.09.2025;205,44;3.546,30
03.09.2025;206,06;3.556,20
02.09.2025;202,24;3.490,00
01.09.2025;201,37;3.474,90
29.08.2025;198,75;3.429,15
28.08.2025;197,52;3.407,65
27.08.2025;195,78;3.376,35
26.08.2025;195,25;3.367,10
22.08.2025;193,38;3.334,25
21.08.2025;193,63;3.338,30
20.08.2025;194,04;3.344,65
19.08.2025;193,47;3.334,45
18.08.2025;193,36;3.332,40
15.08.2025;193,57;3.335,50
14.08.2025;194,07;3.343,85
13.08.2025;195,31;3.364,40
12.08.2025;194,1;3.343,30
11.08.2025;194,88;3.356,40
08.08.2025;197,1;3.394,15
07.08.2025;196,51;3.383,75
06.08.2025;195,87;3.372,00
05.08.2025;196,08;3.375,30
04.08.2025;196,37;3.380,05
01.08.2025;194,47;3.346,85
31.07.2025;191,73;3.298,85
30.07.2025;192,09;3.304,30
29.07.2025;192,82;3.316,50
28.07.2025;192,17;3.305,25
25.07.2025;194,44;3.343,50
24.07.2025;195,76;3.365,85
23.07.2025;198,56;3.413,55
22.07.2025;198,37;3.409,85
21.07.2025;197,01;3.386,20
18.07.2025;195,22;3.355,10
17.07.2025;193,12;3.318,50
16.07.2025;193,47;3.323,80
15.07.2025;194,74;3.345,10
14.07.2025;195,11;3.351,15
11.07.2025;195,18;3.352,10
10.07.2025;192,9;3.312,60
09.07.2025;192,22;3.300,15
08.07.2025;193,08;3.314,75
07.07.2025;193,13;3.315,35
04.07.2025;194,12;3.331,90
03.07.2025;194,15;3.332,15
02.07.2025;194,38;3.335,70
01.07.2025;195,21;3.349,00
30.06.2025;191,66;3.287,45
27.06.2025;190,77;3.271,75
26.06.2025;193,52;3.318,70
25.06.2025;193,53;3.318,25
24.06.2025;192,63;3.302,50
23.06.2025;197,16;3.380,55
20.06.2025;196,47;3.368,25
19.06.2025;196,52;3.368,90
18.06.2025;197,88;3.391,50
17.06.2025;197,75;3.388,45
16.06.2025;198,31;3.397,60
13.06.2025;200,52;3.435,35
12.06.2025;197,96;3.391,40
11.06.2025;194,44;3.329,70
10.06.2025;194,92;3.337,70
09.06.2025;193,86;3.319,30
06.06.2025;195,09;3.339,90
05.06.2025;197,14;3.374,60
04.06.2025;196,6;3.364,60
03.06.2025;194,87;3.334,75
02.06.2025;197;3.370,85
30.05.2025;191,62;3.277,55
29.05.2025;193,68;3.312,40
28.05.2025;193,05;3.300,85
27.05.2025;192,82;3.296,70
23.05.2025;195,52;3.342,65
22.05.2025;192,11;3.284,00
21.05.2025;193,08;3.299,65
20.05.2025;190,88;3.261,55
19.05.2025;189,06;3.230,15
16.05.2025;186,33;3.182,95
15.05.2025;186,82;3.191,05
14.05.2025;186,91;3.191,95
13.05.2025;189,01;3.227,95
12.05.2025;189,46;3.235,40
09.05.2025;194,77;3.324,55
08.05.2025;196,42;3.352,30
07.05.2025;198,81;3.392,25
06.05.2025;198,78;3.391,45
02.05.2025;190,49;3.249,70
01.05.2025;188,46;3.214,75
30.04.2025;193,62;3.302,05
29.04.2025;193,83;3.305,05
28.04.2025;193,35;3.296,30
25.04.2025;192,26;3.277,30
24.04.2025;194,47;3.314,75
23.04.2025;191,48;3.262,95
22.04.2025;201,62;3.433,55
17.04.2025;194,21;3.305,65
16.04.2025;195,24;3.322,90
15.04.2025;189,25;3.219,60
14.04.2025;188,35;3.204,20
11.04.2025;189,92;3.230,50
10.04.2025;184,89;3.143,15
09.04.2025;180,97;3.075,50
08.04.2025;177,48;3.015,40
07.04.2025;177,46;3.014,75
04.04.2025;179,83;3.054,50
03.04.2025;183,61;3.118,10
02.04.2025;183,74;3.119,75
01.04.2025;184,57;3.133,70
31.03.2025;183,49;3.115,10
28.03.2025;180,94;3.071,60
27.03.2025;180,07;3.056,55
26.03.2025;177,55;3.013,25
25.03.2025;178,27;3.025,20
24.03.2025;177,25;3.007,75
21.03.2025;177,62;3.013,70
20.03.2025;179,07;3.038,15
19.03.2025;178,48;3.027,55
18.03.2025;178,39;3.025,80
17.03.2025;176,67;2.996,50
14.03.2025;175,6;2.978,05
13.03.2025;175,38;2.974,05
12.03.2025;172,49;2.924,80
11.03.2025;172,04;2.916,90
10.03.2025;171,66;2.910,20
07.03.2025;172,91;2.931,15
06.03.2025;172,4;2.922,20
05.03.2025;171,9;2.913,25
04.03.2025;171,48;2.905,90
03.03.2025;170,01;2.880,70
28.02.2025;167,32;2.834,55
27.02.2025;170,07;2.880,80
26.02.2025;171,3;2.901,00
25.02.2025;173,21;2.933,25
24.02.2025;173,15;2.931,90
21.02.2025;173,3;2.934,15
20.02.2025;173,18;2.932,05
19.02.2025;173,49;2.936,85
18.02.2025;172,93;2.927,10
17.02.2025;171,36;2.900,55
14.02.2025;172,61;2.921,25
13.02.2025;172,27;2.915,30
12.02.2025;170,9;2.891,50
11.02.2025;171,14;2.895,40
10.02.2025;171,69;2.904,45
07.02.2025;169,93;2.874,65
06.02.2025;167,84;2.838,95
05.02.2025;169,78;2.871,15
04.02.2025;168,16;2.843,55
03.02.2025;167,15;2.826,10
31.01.2025;166,33;2.812,05
30.01.2025;164,86;2.787,25
29.01.2025;163,06;2.756,30
28.01.2025;162,81;2.751,90
27.01.2025;162,25;2.742,40
24.01.2025;164,29;2.776,80
23.01.2025;162,39;2.744,25
22.01.2025;162,86;2.751,80
21.01.2025;162,04;2.737,80
20.01.2025;160,27;2.707,70
17.01.2025;160,72;2.715,20
16.01.2025;160,81;2.716,50
15.01.2025;158,53;2.677,70
14.01.2025;157,9;2.667,00
13.01.2025;158,06;2.669,50
10.01.2025;159,14;2.687,45
09.01.2025;158,39;2.674,60
08.01.2025;157,52;2.659,65
07.01.2025;157;2.650,85
06.01.2025;155,98;2.633,35
03.01.2025;156,78;2.646,80
02.01.2025;156,76;2.646,30
31.12.2024;154,66;2.610,85
30.12.2024;154,57;2.609,10
27.12.2024;155,01;2.615,95
24.12.2024;154,9;2.613,75
23.12.2024;154,92;2.613,80
20.12.2024;155,11;2.616,45
19.12.2024;153,69;2.592,45
18.12.2024;156,3;2.635,65
17.12.2024;156,35;2.636,35
16.12.2024;157,42;2.654,20
13.12.2024;157,72;2.659,05
12.12.2024;159,23;2.684,35
11.12.2024;160,5;2.705,45
10.12.2024;159,57;2.689,60
09.12.2024;158,52;2.671,90
06.12.2024;156,48;2.637,30
05.12.2024;156,66;2.640,15
04.12.2024;157,18;2.648,65
03.12.2024;156,72;2.640,65
02.12.2024;156,81;2.642,15
29.11.2024;157,36;2.651,05
28.11.2024;156,82;2.641,85
27.11.2024;156,78;2.640,85
26.11.2024;155,7;2.622,10
25.11.2024;156,5;2.635,40
22.11.2024;160,02;2.694,95
21.11.2024;158,25;2.665,30
20.11.2024;156,8;2.640,55
19.11.2024;155,77;2.623,20
18.11.2024;154,81;2.606,85
15.11.2024;152,75;2.571,80
14.11.2024;152,49;2.567,30
13.11.2024;154,38;2.598,75
12.11.2024;154,88;2.606,85
11.11.2024;155,95;2.624,75
08.11.2024;159,95;2.691,15
07.11.2024;160,01;2.692,00
06.11.2024;158,17;2.660,20
05.11.2024;163,16;2.742,55
04.11.2024;163,18;2.742,60
01.11.2024;163,29;2.744,30
31.10.2024;162,7;2.734,15
30.10.2024;165,32;2.777,80
29.10.2024;164,82;2.769,15
28.10.2024;163,19;2.741,80
25.10.2024;162,59;2.731,45
24.10.2024;162,64;2.732,00
23.10.2024;162,93;2.736,45
22.10.2024;162,94;2.736,50
21.10.2024;162,95;2.736,45
18.10.2024;161,53;121,5
17.10.2024;160,14;2.688,85
16.10.2024;159,34;2.675,25
15.10.2024;157,79;2.649,05
14.10.2024;158,15;2.654,90
11.10.2024;157,8;2.648,80
10.10.2024;156,62;2.628,95
09.10.2024;155,56;2.610,70
08.10.2024;157,31;2.639,90
07.10.2024;157,38;2.640,95
04.10.2024;157,94;2.650,05
03.10.2024;157,8;2.647,65
02.10.2024;158,62;2.660,95
01.10.2024;159,02;2.667,55
30.09.2024;156,77;2.629,95
27.09.2024;158,69;2.661,85
26.09.2024;158,81;2.663,75
25.09.2024;158,69;2.661,45
24.09.2024;157,19;2.635,95
23.09.2024;156,84;2.629,95
20.09.2024;155,41;2.605,85
19.09.2024;153,61;2.575,35
18.09.2024;153,32;2.570,10
17.09.2024;153,59;2.574,55
16.09.2024;154,17;2.584,00
13.09.2024;153,97;2.575,10
12.09.2024;151,93;2.545,95
11.09.2024;149,68;2.507,75
10.09.2024;149,6;2.506,30
09.09.2024;149,22;2.499,70
06.09.2024;149,62;2.506,15
05.09.2024;149,83;2.509,55
04.09.2024;148,57;2.487,95
03.09.2024;148,09;2.479,80
02.09.2024;149,23;2.498,60
30.08.2024;150,12;2.513,35
29.08.2024;150,41;2.518,10
28.08.2024;149,68;2.505,25
27.08.2024;149,88;2.508,55
23.08.2024;150,06;2.511,20
22.08.2024;148,38;2.483,00
21.08.2024;149,3;2.497,95
20.08.2024;151,2;2.529,75
19.08.2024;149,12;2.494,55
16.08.2024;148,61;2.485,80
15.08.2024;146,29;2.446,65
14.08.2024;146,92;2.456,70
13.08.2024;147,81;2.471,55
12.08.2024;146,58;2.450,85
09.08.2024;145,19;2.427,35
08.08.2024;144,25;2.411,45
07.08.2024;143,61;2.400,45
06.08.2024;143,39;2.396,55
05.08.2024;143,24;2.393,85
02.08.2024;147,77;2.469,85
01.08.2024;146,87;2.454,55
31.07.2024;145,19;2.426,30
30.07.2024;143,05;2.390,25
29.07.2024;143,11;2.391,10
26.07.2024;142,82;2.386,10
25.07.2024;141,53;2.364,20
24.07.2024;144,98;2.421,45
23.07.2024;143,89;2.403,10
22.07.2024;143,28;2.392,70
19.07.2024;143,94;2.403,50
18.07.2024;147,57;2.463,80
17.07.2024;148,58;2.480,25
16.07.2024;146,38;2.443,20
15.07.2024;145,07;2.421,25
12.07.2024;144,22;2.406,85
11.07.2024;144,37;2.409,20
10.07.2024;142,91;2.384,35
09.07.2024;141,93;2.367,90
08.07.2024;142,47;2.376,65
05.07.2024;142,62;2.379,05
04.07.2024;141,41;2.358,65
03.07.2024;141,6;2.361,35
02.07.2024;139,85;2.331,75
01.07.2024;139,71;2.329,10
28.06.2024;139,83;2.330,90
27.06.2024;139,4;2.323,60
26.06.2024;137,99;2.299,65
25.06.2024;139,52;2.325,05
24.06.2024;139,75;2.328,75
21.06.2024;140,14;2.335,05
20.06.2024;141,15;2.351,60
19.06.2024;139,53;2.324,25
18.06.2024;139,54;2.324,35
17.06.2024;139,28;2.319,90
14.06.2024;139,93;2.330,45
13.06.2024;138,75;2.310,80
12.06.2024;139,7;2.326,25
11.06.2024;139,13;2.316,50
10.06.2024;138,41;2.304,40
07.06.2024;138,81;2.310,80
06.06.2024;141,83;2.360,60
05.06.2024;140,61;2.340,05
04.06.2024;139,78;2.326,00
03.06.2024;140,49;2.337,70
31.05.2024;141,14;2.348,25
30.05.2024;141,16;2.348,55
29.05.2024;140,87;2.343,35
28.05.2024;141,32;2.350,65
24.05.2024;140,86;2.342,70
23.05.2024;141,75;2.357,35
22.05.2024;144,81;2.407,90
21.05.2024;145,99;2.427,30
20.05.2024;145,57;2.420,30
17.05.2024;144,52;2.402,60
16.05.2024;143,01;2.377,40
15.05.2024;141,84;2.357,50
14.05.2024;141,69;2.354,85
13.05.2024;141,03;121,5
10.05.2024;142,77;2.372,45
09.05.2024;139,97;2.325,70
08.05.2024;138,98;2.309,05
07.05.2024;139,63;2.319,60
03.05.2024;138,13;2.294,45
02.05.2024;137,8;2.288,85
01.05.2024;138,63;2.302,35
30.04.2024;138,93;2.307,00
29.04.2024;140,54;2.333,55
26.04.2024;141,14;2.343,10
25.04.2024;139,68;2.318,70
24.04.2024;139,79;2.320,25
23.04.2024;140,29;2.328,45
22.04.2024;140,69;2.334,95
19.04.2024;143,4;2.379,70
18.04.2024;143,59;2.382,70
17.04.2024;144,07;2.390,35
16.04.2024;142,81;2.369,15
15.04.2024;141,31;2.344,20
12.04.2024;144,78;2.401,50
11.04.2024;141,39;2.345,65
10.04.2024;140,64;2.333,00
09.04.2024;142,06;2.356,10
08.04.2024;139,91;2.320,25
05.04.2024;138,62;2.298,55
04.04.2024;138,32;2.293,50
03.04.2024;137,54;2.280,15
02.04.2024;136,61;2.264,50
28.03.2024;133,59;2.214,35
27.03.2024;132,29;2.192,70
26.03.2024;131,54;2.179,80
25.03.2024;131,36;2.176,70
22.03.2024;131,06;2.171,60
21.03.2024;131;2.170,50
20.03.2024;130,23;2.157,45
19.03.2024;130,09;2.154,90
18.03.2024;130,29;2.158,15
15.03.2024;130,62;2.163,45
14.03.2024;130,47;2.160,80
13.03.2024;130,95;2.168,40
12.03.2024;130,52;2.161,25
11.03.2024;131,69;2.180,45
08.03.2024;131,14;2.171,20
07.03.2024;130,08;2.153,45
06.03.2024;129,46;2.142,85
05.03.2024;128,96;2.134,40
04.03.2024;126,77;121,5
01.03.2024;123,88;121,5
29.02.2024;123,78;121,5
28.02.2024;122,85;121,5
27.02.2024;123,02;2.035,05
26.02.2024;122,55;2.027,20
23.02.2024;122,58;121,5
22.02.2024;122,38;121,5
21.02.2024;122,56;121,5
20.02.2024;122,71;2.029,10
19.02.2024;121,99;121,5
16.02.2024;120,84;121,5
15.02.2024;121,22;121,5
14.02.2024;120,1;121,5
13.02.2024;120,78;121,5
12.02.2024;121,94;121,5
09.02.2024;122,46;121,5
08.02.2024;122,78;121,5
07.02.2024;123,58;121,5
06.02.2024;122,93;121,5
05.02.2024;122,16;121,5
02.02.2024;123,16;121,5
01.02.2024;123,87;121,5
31.01.2024;124,34;121,5
30.01.2024;123,73;121,5
29.01.2024;122,5;121,5
26.01.2024;122,27;121,5
25.01.2024;122,59;121,5
24.01.2024;122,66;121,5
23.01.2024;122,57;121,5
22.01.2024;122,49;2.021,60
19.01.2024;122,92;121,5
18.01.2024;122;2.013,20
17.01.2024;121,93;121,5
16.01.2024;123,54;121,5
15.01.2024;124,27;121,5
12.01.2024;124,63;2.055,65
11.01.2024;123,03;121,5
10.01.2024;122,91;121,5
09.01.2024;123,41;121,5
08.01.2024;122,82;121,5
05.01.2024;124,72;121,5
04.01.2024;123,71;2.039,55
03.01.2024;123,88;2.042,10
02.01.2024;125,44;2.067,55
29.12.2023;125,14;2.062,40
28.12.2023;126,12;2.078,40
27.12.2023;125,6;2.069,40
22.12.2023;124,79;2.055,60
21.12.2023;123,95;2.041,70
20.12.2023;123,6;2.035,55
19.12.2023;123,96;2.041,35
18.12.2023;122,92;2.023,95
15.12.2023;123,44;2.032,30
14.12.2023;124,29;2.046,10
13.12.2023;120,51;1.982,50
12.12.2023;120,41;1.980,85
11.12.2023;120,77;1.986,65
08.12.2023;122,08;2.008,10
07.12.2023;123,24;2.026,90
06.12.2023;123,22;2.026,40
05.12.2023;123,04;2.023,35
04.12.2023;124,62;2.049,05
01.12.2023;124,41;2.045,40
30.11.2023;123,8;2.035,45
29.11.2023;124,52;2.046,95
28.11.2023;123,24;2.025,65
27.11.2023;122,52;2.013,70
24.11.2023;121,75;2.000,85
23.11.2023;121,27;1.992,85
22.11.2023;121,57;1.997,55
21.11.2023;122,14;2.006,60
20.11.2023;119,85;1.968,70
17.11.2023;120,61;1.981,05
16.11.2023;120,56;1.980,10
15.11.2023;119,24;1.958,20
14.11.2023;119,91;1.969,05
13.11.2023;117,64;1.931,15
10.11.2023;118,29;1.941,65
09.11.2023;119,27;1.957,45
08.11.2023;119,4;1.959,35
07.11.2023;119,49;1.960,70
06.11.2023;120,96;1.984,60
03.11.2023;121,57;1.994,45
02.11.2023;120,92;1.983,60
01.11.2023;121,1;1.986,35
31.10.2023;121,75;1.996,90
30.10.2023;121,8;1.997,60
27.10.2023;120,92;1.982,90
26.10.2023;120,45;1.975,00
25.10.2023;120,97;1.983,30
24.10.2023;119,78;1.963,65
23.10.2023;120,35;1.973,00
20.10.2023;121,31;1.988,50
19.10.2023;119,18;1.953,55
18.10.2023;119,33;1.955,70
17.10.2023;117,66;1.928,20
16.10.2023;117,05;1.918,05
13.10.2023;116,52;1.909,20
12.10.2023;114,37;1.874,00
11.10.2023;114,22;1.871,25
10.10.2023;113,35;1.857,00
09.10.2023;112,66;1.845,50
06.10.2023;111,1;1.819,60
05.10.2023;111,09;1.819,45
04.10.2023;111,08;1.818,95
03.10.2023;111,3;1.822,45
02.10.2023;111,96;1.833,05
29.09.2023;114,27;1.870,50
28.09.2023;114,46;1.873,55
27.09.2023;115,32;1.887,30
26.09.2023;116,54;1.907,05
25.09.2023;117,64;1.924,85
22.09.2023;117,8;1.927,35
21.09.2023;117,05;1.915,00
20.09.2023;118,82;1.943,35
19.09.2023;118,31;1.934,90
18.09.2023;117,62;1.923,50
15.09.2023;117,89;1.927,70
14.09.2023;116,31;1.901,75
13.09.2023;117,07;1.913,80
12.09.2023;116,75;1.908,55
11.09.2023;117,77;1.924,95
08.09.2023;117,95;1.927,80
07.09.2023;117,38;1.918,35
06.09.2023;117,63;1.922,05
05.09.2023;117,88;1.926,10
04.09.2023;118,57;1.937,20
01.09.2023;118,79;1.940,55
31.08.2023;118,91;1.942,30
30.08.2023;119,25;1.947,55
29.08.2023;118,2;1.930,00
25.08.2023;117,32;1.915,50
24.08.2023;117,43;1.917,05
23.08.2023;117,42;1.916,65
22.08.2023;115,96;1.892,75
21.08.2023;115,79;1.889,85
18.08.2023;116,04;1.893,70
17.08.2023;116,21;1.896,35
16.08.2023;116,71;1.904,20
15.08.2023;116,69;1.903,85
14.08.2023;116,69;1.903,75
11.08.2023;117,45;1.915,80
10.08.2023;117,77;1.920,90
09.08.2023;117,9;1.922,75
08.08.2023;118,13;1.926,40
07.08.2023;118,47;1.931,70
04.08.2023;119,14;1.942,45
03.08.2023;118,73;1.935,65
02.08.2023;119,28;1.944,20
01.08.2023;119,47;1.947,20
31.07.2023;120,92;1.970,65
28.07.2023;119,93;1.954,25
27.07.2023;119,4;1.945,35
26.07.2023;120,71;1.966,30
25.07.2023;120,25;1.958,70
24.07.2023;120,34;1.960,00
21.07.2023;120,39;1.960,60
20.07.2023;121,35;1.976,10
19.07.2023;121,32;1.975,35
18.07.2023;121,31;1.975,00
17.07.2023;119,76;1.949,60
14.07.2023;120,02;1.953,70
13.07.2023;120,3;1.958,05
12.07.2023;120,03;1.953,30
11.07.2023;118,86;1.933,95
10.07.2023;118,18;1.922,80
07.07.2023;118,16;1.922,30
06.07.2023;117,34;1.908,80
05.07.2023;118,33;1.924,65
04.07.2023;118,53;1.927,75
03.07.2023;118,6;1.928,75
30.06.2023;117,6;1.912,25
29.06.2023;116,84;1.899,60
28.06.2023;117,4;1.908,40
27.06.2023;118,06;1.918,90
26.06.2023;118,31;1.922,90
23.06.2023;118,8;1.930,70
22.06.2023;118,14;1.920,05
21.06.2023;118,51;1.925,65
20.06.2023;118,81;1.930,45
19.06.2023;120,09;1.951,15
16.06.2023;120,63;1.959,75
15.06.2023;120,19;1.952,35
14.06.2023;120,43;1.955,80
13.06.2023;120,35;1.954,40
12.06.2023;120,27;1.952,90
09.06.2023;120,74;1.960,30
08.06.2023;121,12;1.966,40
07.06.2023;121,2;1.967,35
06.06.2023;120,59;1.957,25
05.06.2023;120,75;1.959,65
02.06.2023;120,98;1.963,25
01.06.2023;121,67;1.974,35
31.05.2023;121,09;1.964,40
30.05.2023;120,35;1.952,45
26.05.2023;120,09;1.947,90
25.05.2023;120,12;1.948,25
24.05.2023;121,47;1.969,65
23.05.2023;121,46;1.969,20
22.05.2023;121,53;1.970,30
19.05.2023;121,01;1.961,60
18.05.2023;120,94;1.960,30
17.05.2023;121,83;1.974,40
16.05.2023;123,89;2.007,45
15.05.2023;124,67;2.019,90
12.05.2023;124,68;2.019,90
11.05.2023;124,45;2.015,95
10.05.2023;125,79;2.037,15
09.05.2023;125,37;2.030,20
05.05.2023;123,57;2.000,95
04.05.2023;126,29;2.044,70
03.05.2023;124,44;2.014,30
02.05.2023;123,29;1.995,40
28.04.2023;122,51;1.982,55
27.04.2023;122,71;1.985,65
26.04.2023;123,82;2.003,00
25.04.2023;122,87;1.987,40
24.04.2023;122,31;1.978,20
21.04.2023;122,04;1.973,65
20.04.2023;124,13;2.007,15
19.04.2023;123,12;1.990,55
18.04.2023;123,68;1.999,40
17.04.2023;123,45;1.995,55
14.04.2023;124,95;2.019,40
13.04.2023;126,76;2.048,45
12.04.2023;124,32;2.008,20
11.04.2023;123,99;2.002,70
06.04.2023;123,95;2.001,90
05.04.2023;125,76;2.030,85
04.04.2023;124,49;2.009,60
03.04.2023;122,87;1.983,30
31.03.2023;122,66;1.979,70
30.03.2023;121,8;1.965,80
29.03.2023;121,78;1.965,00
28.03.2023;121,66;1.962,85
27.03.2023;120,64;1.946,25
24.03.2023;123,59;1.993,80
23.03.2023;122,61;1.977,95
22.03.2023;120,87;1.949,35
21.03.2023;121,07;1.952,50
20.03.2023;122,12;1.969,35
17.03.2023;121,69;1.962,10
16.03.2023;119,27;1.922,75
15.03.2023;119,33;1.923,40
14.03.2023;118,34;1.907,55
13.03.2023;118,58;1.911,30
10.03.2023;115,51;1.861,25
09.03.2023;113,68;1.831,40
08.03.2023;112,76;1.816,30
07.03.2023;113,41;1.826,55
06.03.2023;114,82;1.849,05
03.03.2023;114,35;1.841,15
02.03.2023;114,05;1.836,20
01.03.2023;114,39;1.841,25
28.02.2023;113,36;1.824,60
27.02.2023;113,01;1.818,65
24.02.2023;112,54;1.810,95
23.02.2023;113,49;1.826,05
22.02.2023;114,12;1.835,75
21.02.2023;114,2;1.836,85
20.02.2023;114,77;1.845,80
17.02.2023;114,04;1.833,95
16.02.2023;113,74;1.828,95
15.02.2023;113,91;1.831,20
14.02.2023;115,96;1.863,70
13.02.2023;115,49;1.856,05
10.02.2023;115,73;1.859,70
09.02.2023;116,96;1.879,10
08.02.2023;116,58;1.872,65
07.02.2023;116,47;1.870,70
06.02.2023;116,64;1.873,25
03.02.2023;116,79;1.875,35
02.02.2023;119,69;1.921,65
01.02.2023;119,99;1.925,90
31.01.2023;119,87;1.923,90
30.01.2023;119,9;1.924,10
27.01.2023;119,84;1.923,05
26.01.2023;120,44;1.932,45
25.01.2023;120,36;1.930,80
24.01.2023;119,75;1.920,75
23.01.2023;119,39;1.914,85
20.01.2023;120,03;1.924,90
19.01.2023;119,65;1.918,60
18.01.2023;119,81;1.920,70
17.01.2023;119,38;1.913,80
16.01.2023;119,59;1.917,00
13.01.2023;118,99;1.907,15
12.01.2023;117,48;1.882,55
11.01.2023;116,87;1.872,35
10.01.2023;117,27;1.878,65
09.01.2023;117,3;1.878,85
06.01.2023;115,68;1.852,20
05.01.2023;114,55;1.834,00
04.01.2023;116,04;1.857,30
03.01.2023;115,18;1.843,25
30.12.2022;113,25;1.812,35
29.12.2022;113,35;1.813,75
28.12.2022;112,75;1.803,35
23.12.2022;112,4;1.797,40
22.12.2022;112,61;1.800,70
21.12.2022;113,7;1.817,55
20.12.2022;113,48;1.813,90
19.12.2022;112,05;1.790,80
16.12.2022;112,17;1.792,55
15.12.2022;111,62;121,5
14.12.2022;113,17;1.808,05
13.12.2022;114,15;1.823,55
12.12.2022;111,87;1.786,60
09.12.2022;112,48;1.796,15
08.12.2022;112,11;1.790,15
07.12.2022;111,64;1.782,20
06.12.2022;111,12;1.773,80
05.12.2022;111,32;1.776,80
02.12.2022;111,83;1.784,75
01.12.2022;113;1.803,15
30.11.2022;109,95;1.753,50
29.11.2022;109,91;1.752,70
28.11.2022;109,53;1.746,55
25.11.2022;109,87;1.751,85
24.11.2022;110,1;1.755,40
23.11.2022;109,18;1.740,15
22.11.2022;109,37;121,5
21.11.2022;109,23;121,5
18.11.2022;109,95;1.751,60
17.11.2022;110,4;1.758,60
16.11.2022;111,33;1.773,00
15.11.2022;111,24;1.771,35
14.11.2022;111,1;1.768,90
11.11.2022;110,51;1.759,35
10.11.2022;109,61;1.744,75
09.11.2022;107,8;1.715,25
08.11.2022;105,53;1.678,65
07.11.2022;105,56;1.678,95
04.11.2022;105,28;1.674,40
03.11.2022;102,46;1.628,75
02.11.2022;103,81;1.649,55
01.11.2022;103,55;1.645,25
31.10.2022;103,16;1.639,00
28.10.2022;103,74;1.648,05
27.10.2022;104,49;1.659,75
26.10.2022;104,96;1.666,75
25.10.2022;104,5;1.659,25
24.10.2022;103,88;1.649,15
21.10.2022;103,52;1.643,25
20.10.2022;103,03;1.635,30
19.10.2022;102,82;1.631,70
18.10.2022;104,18;1.653,00
17.10.2022;104,93;1.664,75
14.10.2022;103,97;1.649,30
13.10.2022;103,91;1.648,10
12.10.2022;105,35;1.670,65
11.10.2022;104,98;1.664,70
10.10.2022;105,74;1.676,55
07.10.2022;107;1.696,15
06.10.2022;108,15;1.714,20
05.10.2022;107,31;1.700,50
04.10.2022;108,23;1.714,85
03.10.2022;105,36;1.668,40
30.09.2022;105,58;1.671,75
29.09.2022;104,52;1.654,80
28.09.2022;104,38;1.652,15
27.09.2022;103,26;1.634,30
26.09.2022;103,84;1.643,35
23.09.2022;103,87;1.643,55
22.09.2022;105,69;1.671,85
21.09.2022;105,7;1.671,75
20.09.2022;105,23;1.664,15
16.09.2022;105,27;1.664,65
15.09.2022;106,83;1.689,10
14.09.2022;107,78;1.703,90
13.09.2022;107,85;1.704,85
12.09.2022;109,23;1.726,40
09.09.2022;108,43;1.713,40
08.09.2022;108,18;1.709,35
07.09.2022;107,79;1.702,65
06.09.2022;107,79;1.702,60
05.09.2022;108,33;1.710,95
02.09.2022;108,44;1.712,50
01.09.2022;107,3;1.694,30
31.08.2022;108,7;1.715,90
30.08.2022;109,63;1.730,30
26.08.2022;110,97;1.751,25
25.08.2022;111,13;1.753,55
24.08.2022;110,65;1.745,65
23.08.2022;110,72;1.746,55
22.08.2022;109,89;1.733,25
19.08.2022;111,02;1.750,75
18.08.2022;111,97;1.765,55
17.08.2022;112,1;1.767,20
16.08.2022;112,6;1.774,85
15.08.2022;112,72;1.776,60
12.08.2022;113,72;1.792,10
11.08.2022;114,02;1.796,70
10.08.2022;113,94;1.795,05
09.08.2022;113,97;1.795,25
08.08.2022;113,27;1.784,05
05.08.2022;112,6;1.773,25
04.08.2022;113,24;1.783,20
03.08.2022;111,87;1.761,25
02.08.2022;113,06;1.779,75
01.08.2022;112,6;1.772,40
29.07.2022;111,42;1.753,40
28.07.2022;111,43;1.753,50
27.07.2022;108,95;1.714,05
26.07.2022;109,34;1.720,05
25.07.2022;109,27;1.718,90
22.07.2022;110,43;1.736,95
21.07.2022;108,42;1.705,10
20.07.2022;108,71;1.709,30
19.07.2022;108,96;1.713,05
18.07.2022;109,34;1.719,05
15.07.2022;108,54;1.706,15
14.07.2022;108,21;1.700,70
13.07.2022;109,76;1.724,60
12.07.2022;110,15;1.730,70
11.07.2022;110,76;1.740,00
08.07.2022;110,65;1.738,20
07.07.2022;111,28;1.747,95
06.07.2022;111,71;1.754,30
05.07.2022;112,86;1.772,00
04.07.2022;115,23;1.808,40
01.07.2022;114,54;1.797,45
30.06.2022;115,8;1.817,00
29.06.2022;115,88;1.817,75
28.06.2022;115,97;1.819,05
27.06.2022;116,45;1.826,30
24.06.2022;116,41;1.825,45
23.06.2022;117,46;1.841,90
22.06.2022;117,48;1.841,85
21.06.2022;117,39;1.840,25
20.06.2022;117,16;1.836,50
17.06.2022;117,5;1.841,55
16.06.2022;116,55;1.826,50
15.06.2022;116,4;1.823,75
14.06.2022;116,06;1.818,30
13.06.2022;116,87;1.830,85
10.06.2022;116,83;1.830,00
09.06.2022;117,8;1.844,85
08.06.2022;118,33;1.852,95
07.06.2022;118,13;1.849,60
06.06.2022;117,98;1.847,20
01.06.2022;117,86;1.844,90
31.05.2022;117,47;1.838,70
30.05.2022;118,52;1.854,95
27.05.2022;118,33;1.851,80
26.05.2022;118,11;1.848,25
25.05.2022;118,06;1.847,20
24.05.2022;119,35;1.867,10
23.05.2022;118,66;1.856,20
20.05.2022;117,28;1.834,20
19.05.2022;117,91;1.844,00
18.05.2022;115,8;1.810,65
17.05.2022;116,73;1.825,00
16.05.2022;115,76;1.809,50
13.05.2022;115,9;1.811,55
12.05.2022;117,54;1.837,05
11.05.2022;118,52;1.851,95
10.05.2022;118,88;1.857,35
09.05.2022;119,11;1.860,90
06.05.2022;120,5;1.882,35
05.05.2022;121,14;1.892,30
04.05.2022;119,33;1.863,65
03.05.2022;119,72;1.869,70
29.04.2022;122,39;1.911,30
28.04.2022;120,94;1.888,50
27.04.2022;120,78;1.885,80
26.04.2022;122;1.904,60
25.04.2022;121,39;1.895,00
22.04.2022;124,41;1.941,55
21.04.2022;124,55;1.943,70
20.04.2022;124,94;1.949,55
19.04.2022;125,87;1.964,00
14.04.2022;125,83;1.963,25
13.04.2022;126,71;1.976,75
12.04.2022;125,7;1.960,85
11.04.2022;125,11;1.951,55
08.04.2022;124,47;1.941,40
07.04.2022;123,9;1.932,40
06.04.2022;123,76;1.930,15
05.04.2022;124,66;1.944,05
04.04.2022;123,79;1.930,30
01.04.2022;123,74;1.929,40
31.03.2022;124,56;1.942,15
30.03.2022;124,04;1.933,85
29.03.2022;122,52;1.910,00
28.03.2022;124,24;1.937,05
25.03.2022;125,33;1.953,80
24.03.2022;126,06;1.965,20
23.03.2022;123,93;1.931,75
22.03.2022;122,87;1.915,25
21.03.2022;124,15;1.935,05
18.03.2022;124,2;1.935,80
17.03.2022;125,1;1.949,65
16.03.2022;122,79;1.913,20
15.03.2022;122,83;1.913,65
14.03.2022;125,42;1.954,05
11.03.2022;127,01;1.978,70
10.03.2022;128,17;1.996,60
09.03.2022;127,68;1.988,90
08.03.2022;130,87;2.039,05
07.03.2022;127,15;1.980,95
04.03.2022;124,86;1.945,30
03.03.2022;123,84;1.929,60
02.03.2022;123,78;1.928,50
01.03.2022;123,37;1.922,00
28.02.2022;122,59;1.909,85
25.02.2022;120,99;1.884,80
24.02.2022;124,27;1.936,30
23.02.2022;122,22;1.904,70
22.02.2022;121,93;1.900,10
21.02.2022;121,57;1.894,45
18.02.2022;121,53;1.893,60
17.02.2022;121,52;1.893,45
16.02.2022;119,55;1.862,60
15.02.2022;118,66;1.848,55
14.02.2022;119,79;1.866,15
11.02.2022;117,54;1.831,15
10.02.2022;117,81;1.835,35
09.02.2022;117,34;1.827,80
08.02.2022;117,01;1.822,60
07.02.2022;116,43;1.813,55
04.02.2022;115,87;1.804,70
03.02.2022;115,11;1.792,70
02.02.2022;115,81;1.803,65
01.02.2022;115,57;1.799,85
31.01.2022;115,28;1.795,25
28.01.2022;114,84;1.788,15
27.01.2022;116,04;1.806,75
26.01.2022;117,94;1.835,95
25.01.2022;118,67;1.847,30
24.01.2022;117,67;1.831,60
21.01.2022;118,06;1.837,60
20.01.2022;118,56;1.845,35
19.01.2022;117,39;1.826,95
18.01.2022;116,77;1.817,25
17.01.2022;116,81;1.817,85
14.01.2022;117,15;1.822,95
13.01.2022;116,99;1.820,35
12.01.2022;117,06;1.821,40
11.01.2022;116,14;1.806,80
10.01.2022;115,33;1.794,20
07.01.2022;115,24;1.792,60
06.01.2022;115,03;1.789,35
05.01.2022;117,42;1.826,25
04.01.2022;116,47;1.811,40
31.12.2021;117,04;1.820,10
30.12.2021;116,13;1.805,85
29.12.2021;115,41;1.794,25
24.12.2021;114,9;1.786,05
23.12.2021;116,13;1.805,20
22.12.2021;115,34;1.792,80
21.12.2021;115,4;1.793,75
20.12.2021;115,57;1.796,30
17.12.2021;116,31;1.807,70
16.12.2021;115,54;1.795,70
15.12.2021;113,82;1.768,65
14.12.2021;114,36;1.776,90
13.12.2021;115,06;1.787,80
10.12.2021;114,55;1.779,75
09.12.2021;114,33;1.776,15
08.12.2021;114,83;1.783,80
07.12.2021;114,67;1.781,35
06.12.2021;114,5;1.778,65
03.12.2021;113,8;1.767,55
02.12.2021;113,63;1.765,00
01.12.2021;115,21;1.789,25
30.11.2021;116,19;1.804,40
29.11.2021;115,02;1.785,95
26.11.2021;115,98;1.800,80
25.11.2021;115,18;1.788,15
24.11.2021;114,79;1.782,05
23.11.2021;115,26;1.789,15
22.11.2021;117;1.816,05
19.11.2021;119,92;1.861,10
18.11.2021;119,88;1.860,30
17.11.2021;120,18;1.864,90
16.11.2021;119,82;1.859,20
15.11.2021;119,87;1.859,90
12.11.2021;119,92;1.860,55
11.11.2021;119,75;1.857,90
10.11.2021;119,86;1.859,40
09.11.2021;117,79;1.827,30
08.11.2021;117,48;1.822,35
05.11.2021;116,17;1.801,85
04.11.2021;115,8;1.796,15
03.11.2021;113,7;1.763,45
02.11.2021;115,44;1.790,45
01.11.2021;115,66;1.793,80
29.10.2021;114,08;1.769,15
28.10.2021;116,3;1.803,50
27.10.2021;115,78;1.795,25
26.10.2021;115,16;1.785,55
25.10.2021;116,43;1.805,25
22.10.2021;116,64;1.808,25
21.10.2021;114,77;1.779,30
20.10.2021;114,7;1.778,00
19.10.2021;114,8;1.779,55
18.10.2021;114,05;1.767,85
15.10.2021;114,37;1.772,65
14.10.2021;116,06;121,5
13.10.2021;115,23;121,5
12.10.2021;114,08;1.767,75
11.10.2021;113,43;121,5
08.10.2021;114,44;121,5
07.10.2021;113,72;1.762,10
06.10.2021;113,58;1.759,70
05.10.2021;113,16;1.753,20
04.10.2021;113,25;1.754,55
01.10.2021;113,42;1.757,05
30.09.2021;112,51;1.742,80
29.09.2021;112,15;1.737,15
28.09.2021;111,94;1.733,75
27.09.2021;113,33;1.755,30
24.09.2021;112,79;1.746,80
23.09.2021;113;1.750,00
22.09.2021;114,52;1.773,40
21.09.2021;114,59;1.774,45
20.09.2021;113,52;1.757,75
17.09.2021;113,41;1.755,95
16.09.2021;112,9;1.747,95
15.09.2021;116,09;1.796,95
14.09.2021;115,82;1.792,75
13.09.2021;115,9;1.793,90
10.09.2021;115,95;1.794,60
09.09.2021;115,54;1.788,25
08.09.2021;115,41;1.786,00
07.09.2021;116,46;1.802,15
06.09.2021;117,72;1.821,60
03.09.2021;117,87;1.823,70
02.09.2021;117,15;1.812,55
01.09.2021;117,11;1.811,80
31.08.2021;117,31;1.814,85
27.08.2021;116,27;1.798,50
26.08.2021;115,51;1.786,60
25.08.2021;115,65;1.788,70
24.08.2021;116,93;1.808,45
23.08.2021;116,52;1.802,00
20.08.2021;115,05;1.779,05
19.08.2021;115,25;1.782,05
18.08.2021;115,35;1.783,45
17.08.2021;115,74;1.789,45
16.08.2021;115,54;1.786,35
13.08.2021;114,74;1.773,85
12.08.2021;113,04;1.747,40
11.08.2021;112,8;1.743,60
10.08.2021;111,5;1.723,35
09.08.2021;112,51;1.738,85
06.08.2021;114,07;1.762,90
05.08.2021;116,54;1.800,75
04.08.2021;118,39;1.829,10
03.08.2021;117,33;1.812,65
02.08.2021;117,26;1.811,45
30.07.2021;118,19;1.825,75
29.07.2021;118,43;1.829,30
28.07.2021;116,34;1.796,60
27.07.2021;116,58;1.800,35
26.07.2021;116,58;1.800,20
23.07.2021;116,55;1.799,60
22.07.2021;116,54;1.799,45
21.07.2021;116,73;1.802,15
20.07.2021;118,08;1.823,05
19.07.2021;117,56;1.814,90
16.07.2021;118,17;1.824,30
15.07.2021;118,14;1.823,75
14.07.2021;118,11;1.823,20
13.07.2021;117,51;1.813,85
12.07.2021;116,12;1.792,40
09.07.2021;117,01;1.806,00
08.07.2021;117,12;1.807,70
07.07.2021;116,94;1.804,65
06.07.2021;117,28;1.809,85
05.07.2021;116,08;1.791,35
02.07.2021;115,75;1.786,15
01.07.2021;115,45;1.781,50
30.06.2021;114,28;1.763,15
29.06.2021;113,78;1.755,45
28.06.2021;115,4;1.780,30
25.06.2021;115,83;1.786,65
24.06.2021;115,71;1.784,85
23.06.2021;116,16;1.791,60
22.06.2021;115,1;1.775,05
21.06.2021;115,1;1.775,05
18.06.2021;114,98;121,5
17.06.2021;115,35;1.778,70
16.06.2021;120,77;1.860,75
15.06.2021;121,06;1.865,10
14.06.2021;121,09;1.865,60
11.06.2021;122,1;1.881,05
10.06.2021;122,6;1.888,65
09.06.2021;123;1.894,60
08.06.2021;122,91;1.893,15
07.06.2021;122,6;1.888,40
04.06.2021;122,76;1.890,60
03.06.2021;121,2;1.866,55
02.06.2021;123,57;1.902,75
01.06.2021;123,36;1.899,35
28.05.2021;123,41;1.899,95
27.05.2021;122,86;1.891,45
26.05.2021;123,41;1.899,75
25.05.2021;122,58;1.887,00
24.05.2021;122,14;1.880,15
21.05.2021;121,88;1.875,90
20.05.2021;122,04;1.878,30
19.05.2021;122,71;1.888,45
18.05.2021;121,3;1.866,75
17.05.2021;120,46;1.853,70
14.05.2021;119,46;1.838,10
13.05.2021;118,41;1.821,80
12.05.2021;119,11;1.830,70
11.05.2021;118,89;1.829,10
10.05.2021;119,63;1.840,45
07.05.2021;119,39;1.836,55
06.05.2021;117,88;1.813,15
05.05.2021;115,89;1.782,25
04.05.2021;116,9;1.797,75
30.04.2021;114,95;1.767,65
29.04.2021;114,62;1.762,65
28.04.2021;115,25;1.772,20
27.04.2021;116,03;1.784,15
26.04.2021;115,34;1.773,35
23.04.2021;115,89;1.781,80
22.04.2021;116,28;1.787,75
21.04.2021;116,97;1.798,20
20.04.2021;115,65;1.777,85
19.04.2021;115,43;1.774,50
16.04.2021;115,44;1.774,45
15.04.2021;114,32;1.757,20
14.04.2021;112,92;1.735,55
13.04.2021;113,73;1.747,95
12.04.2021;112,76;1.732,85
09.04.2021;113,31;1.741,20
08.04.2021;114,24;1.755,50
07.04.2021;113,12;1.738,05
06.04.2021;113,55;1.744,65
01.04.2021;112,36;1.726,05
31.03.2021;110,09;1.691,05
30.03.2021;109,64;1.683,95
29.03.2021;111,09;1.705,95
26.03.2021;112,78;1.731,80
25.03.2021;113,14;1.737,30
24.03.2021;112,71;1.730,50
23.03.2021;112,43;1.726,20
22.03.2021;113,08;1.736,15
19.03.2021;113,03;1.735,20
18.03.2021;112,43;1.725,90
17.03.2021;112,68;1.729,65
16.03.2021;113,03;1.735,00
15.03.2021;112,29;1.723,65
12.03.2021;111,07;1.704,80
11.03.2021;112,35;1.724,25
10.03.2021;111,83;1.716,20
09.03.2021;111,88;1.716,90
08.03.2021;109,94;1.687,05
05.03.2021;110,55;1.696,25
04.03.2021;111,6;121,5
03.03.2021;111,56;1.711,40
02.03.2021;112,38;1.723,85
01.03.2021;113,05;1.734,15
26.02.2021;113,63;1.742,85
25.02.2021;116,06;1.779,65
24.02.2021;116,61;1.788,00
23.02.2021;117,37;1.799,65
22.02.2021;117,89;1.807,45
19.02.2021;116,51;1.786,20
18.02.2021;115,67;1.773,15
17.02.2021;116,17;121,5
16.02.2021;117,06;121,5
15.02.2021;118,57;121,5
12.02.2021;118,52;1.816,35
11.02.2021;120,08;1.840,10
10.02.2021;120,25;1.842,65
09.02.2021;120,06;1.839,60
08.02.2021;119,78;1.835,25
05.02.2021;117,69;1.802,95
04.02.2021;116,58;1.785,90
03.02.2021;119,84;1.835,45
02.02.2021;119,69;1.833,10
01.02.2021;121,65;1.862,95
29.01.2021;121,72;1.863,80
28.01.2021;121,06;1.853,70
27.01.2021;120,38;1.843,00
26.01.2021;121,28;1.856,60
25.01.2021;121,3;1.856,85
22.01.2021;121,03;1.852,70
21.01.2021;121,65;1.862,10
20.01.2021;121,3;1.856,60
19.01.2021;119,87;1.834,70
18.01.2021;119,77;1.833,05
15.01.2021;120,17;1.839,00
14.01.2021;120,35;1.841,75
13.01.2021;121,49;1.858,85
12.01.2021;120,34;1.841,25
11.01.2021;120,74;1.847,25
08.01.2021;121,78;1.862,90
07.01.2021;125,53;1.920,10
06.01.2021;126,31;1.931,95
05.01.2021;126,87;1.940,35
04.01.2021;127,06;1.943,20
31.12.2020;123,67;1.891,10
30.12.2020;123,44;1.887,60
29.12.2020;122,63;1.874,30
24.12.2020;122,53;1.872,55
23.12.2020;122,69;1.875,00
22.12.2020;122,84;1.877,10
21.12.2020;123,04;1.880,00
18.12.2020;123,03;1.879,75
17.12.2020;123,76;1.890,75
16.12.2020;121,24;1.851,95
15.12.2020;121,16;1.850,65
14.12.2020;119,88;1.831,15
11.12.2020;120,6;1.842,00
10.12.2020;120,76;1.844,35
09.12.2020;120,6;1.841,75
08.12.2020;122,33;1.868,15
07.12.2020;121,8;1.859,95
04.12.2020;120,7;1.843,00
03.12.2020;120;1.832,35
02.12.2020;119,38;1.822,60
01.12.2020;118,61;1.810,75
30.11.2020;115,46;1.762,55
27.11.2020;116,56;121,5
26.11.2020;118,4;121,5
25.11.2020;118,59;1.810,20
24.11.2020;117,91;1.799,60
23.11.2020;120,58;1.840,20
20.11.2020;122,91;1.875,70
19.11.2020;121,72;1.857,35
18.11.2020;122,96;1.876,10
17.11.2020;123,81;1.889,05
16.11.2020;123,59;1.885,60
13.11.2020;123,95;1.890,90
12.11.2020;122,9;1.874,85
11.11.2020;122;1.860,95
10.11.2020;123,18;1.878,70
09.11.2020;122,43;1.867,30
06.11.2020;127,26;1.940,80
05.11.2020;127,11;1.938,45
04.11.2020;124,64;1.900,15
03.11.2020;125,18;1.908,30
02.11.2020;123,98;1.889,90
30.10.2020;123,46;1.881,85
29.10.2020;122,71;1.870,30
28.10.2020;122,69;1.869,95
27.10.2020;125,06;1.905,70
26.10.2020;124,59;121,5
23.10.2020;124,94;1.903,65
22.10.2020;124,77;1.900,95
21.10.2020;126,31;1.924,15
20.10.2020;124,63;1.898,40
19.10.2020;125,1;1.905,60
16.10.2020;125,08;1.905,05
15.10.2020;124,22;1.891,90
14.10.2020;125,43;1.910,05
13.10.2020;124,2;1.891,30
12.10.2020;126,47;1.925,50
09.10.2020;126,33;1.923,25
08.10.2020;123,99;1.887,45
07.10.2020;123,81;1.884,50
06.10.2020;125,71;1.913,40
05.10.2020;125,47;1.909,60
02.10.2020;125,05;1.903,05
01.10.2020;124,99;1.902,00
30.09.2020;124,01;1.886,90
29.09.2020;123,82;1.883,95
28.09.2020;122,54;1.864,30
25.09.2020;122,24;1.859,70
24.09.2020;122,38;1.861,75
23.09.2020;123,16;1.873,40
22.09.2020;125,32;1.906,00
21.09.2020;125,54;1.909,35
18.09.2020;128,3;1.950,85
17.09.2020;127,35;1.936,25
16.09.2020;129,04;1.961,80
15.09.2020;128,23;1.949,35
14.09.2020;128,85;1.958,70
11.09.2020;128,11;1.947,40
10.09.2020;129,37;1.966,25
09.09.2020;128,13;1.947,20
08.09.2020;125,76;1.910,95
07.09.2020;126,92;1.928,45
04.09.2020;126,79;1.926,30
03.09.2020;127,73;1.940,45
02.09.2020;128,17;1.947,05
01.09.2020;129,86;1.972,35
28.08.2020;128,89;1.957,35
27.08.2020;126,71;1.923,85
26.08.2020;127,32;1.932,95
25.08.2020;125,88;1.911,15
24.08.2020;128,05;1.943,95
21.08.2020;126,77;1.924,35
20.08.2020;126,96;1.927,15
19.08.2020;130,55;1.981,00
18.08.2020;132,39;2.008,75
17.08.2020;130,05;1.972,85
14.08.2020;128,21;1.944,75
13.08.2020;128,18;1.944,25
12.08.2020;127,38;1.931,90
11.08.2020;127,9;1.939,65
10.08.2020;134,82;2.044,50
07.08.2020;133,95;2.031,15
06.08.2020;136,34;2.067,15
05.08.2020;135,1;2.048,15
04.08.2020;130,53;1.977,90
03.08.2020;129,26;1.958,55
31.07.2020;129,69;1.964,90
30.07.2020;129,22;1.957,65
29.07.2020;128,78;1.950,90
28.07.2020;128,13;1.940,90
27.07.2020;127,85;1.936,65
24.07.2020;125,61;1.902,10
23.07.2020;124,05;1.878,30
22.07.2020;122,34;1.852,40
21.07.2020;121,7;1.842,55
20.07.2020;119,94;1.815,65
17.07.2020;119,4;1.807,35
16.07.2020;119,43;1.807,70
15.07.2020;119,23;1.804,60
14.07.2020;119,06;1.801,90
13.07.2020;119,43;1.807,50
10.07.2020;119,15;121,5
09.07.2020;119,75;121,5
08.07.2020;119,69;121,5
07.07.2020;118,28;121,5
06.07.2020;118,18;121,5
03.07.2020;117,2;121,5
02.07.2020;117,51;121,5
01.07.2020;117,09;1.771,05
30.06.2020;116,9;1.768,10
29.06.2020;117,14;1.771,60
26.06.2020;115,57;1.747,60
25.06.2020;116,17;1.756,55
24.06.2020;116,81;1.766,05
23.06.2020;117;1.768,90
22.06.2020;116,54;1.761,85
19.06.2020;114,76;1.734,75
18.06.2020;113,76;1.719,50
17.06.2020;114,09;1.724,35
16.06.2020;113,79;1.719,85
15.06.2020;113,17;1.710,45
12.06.2020;114,71;1.733,50
11.06.2020;115,03;1.738,25
10.06.2020;113,97;1.722,05
09.06.2020;113,4;1.713,50
08.06.2020;111,88;1.690,35
05.06.2020;111,43;1.683,45
04.06.2020;112,53;1.700,05
03.06.2020;112,89;1.705,35
02.06.2020;115,32;1.742,15
01.06.2020;114,57;1.730,60
29.05.2020;114,45;1.728,70
28.05.2020;113,71;1.717,35
27.05.2020;112,21;1.694,60
26.05.2020;113,92;1.720,25
22.05.2020;114,8;1.733,55
21.05.2020;114,22;1.724,90
20.05.2020;115,78;1.748,30
19.05.2020;115,11;1.737,95
18.05.2020;114,9;1.734,70
15.05.2020;114,95;1.735,35
14.05.2020;114,7;1.731,60
13.05.2020;113,16;1.708,40
12.05.2020;112,77;1.702,40
11.05.2020;112,8;1.702,75
07.05.2020;112,89;1.704,05
06.05.2020;112,07;1.691,50
05.05.2020;112,61;1.699,55
04.05.2020;113,25;1.709,10
01.05.2020;111,73;1.686,25
30.04.2020;112,82;1.702,75
29.04.2020;112,86;1.703,35
28.04.2020;112,09;1.691,55
27.04.2020;113,64;1.714,95
24.04.2020;113,72;1.715,90
23.04.2020;115,07;1.736,25
22.04.2020;113,36;1.710,55
21.04.2020;111,47;1.682,05
20.04.2020;111,75;1.686,20
17.04.2020;112,18;1.692,55
16.04.2020;114,63;1.729,50
15.04.2020;113,92;1.718,65
14.04.2020;115,48;1.741,90
09.04.2020;111,44;121,5
08.04.2020;109,28;121,5
07.04.2020;109,39;121,5
06.04.2020;109,33;121,5
03.04.2020;107,01;121,5
02.04.2020;107,26;121,5
01.04.2020;104,58;121,5
31.03.2020;106,73;121,5
30.03.2020;107,36;121,5
27.03.2020;107,31;121,5
26.03.2020;108,48;121,5
25.03.2020;106,57;121,5
24.03.2020;106,6;121,5
23.03.2020;101,26;121,5
20.03.2020;99,22;121,5
19.03.2020;97,88;121,5
18.03.2020;99,5;121,5
17.03.2020;102,07;121,5
16.03.2020;98,82;121,5
13.03.2020;103,82;121,5
12.03.2020;104,36;121,5
11.03.2020;109,98;121,5
10.03.2020;110,11;121,5
09.03.2020;111,25;121,5
06.03.2020;111,99;121,5
05.03.2020;110,42;121,5
04.03.2020;109,27;121,5
03.03.2020;107,52;121,5
02.03.2020;106,47;121,5
28.02.2020;107,16;121,5
27.02.2020;109,97;121,5
26.02.2020;108,87;121,5
25.02.2020;109,9;121,5
24.02.2020;111,33;121,5
21.02.2020;109,46;121,5
20.02.2020;107,85;121,5
19.02.2020;106,89;121,5
18.02.2020;105,94;121,5
17.02.2020;105,34;121,5
14.02.2020;105,39;121,5
13.02.2020;104,98;121,5
12.02.2020;104,24;121,5
11.02.2020;104,71;121,5
10.02.2020;104,89;121,5
07.02.2020;104,87;121,5
06.02.2020;104,25;121,5
05.02.2020;103,6;121,5
04.02.2020;103,95;121,5
03.02.2020;105,05;121,5
31.01.2020;105,7;121,5
30.01.2020;105,31;121,5
29.01.2020;105,01;121,5
28.01.2020;105,05;121,5
27.01.2020;105,47;121,5
24.01.2020;104,43;121,5
23.01.2020;104,34;121,5
22.01.2020;103,96;121,5
21.01.2020;103,59;121,5
17.01.2020;104,03;121,5
16.01.2020;103,83;121,5
15.01.2020;103,49;121,5
14.01.2020;103,24;121,5
13.01.2020;103,57;121,5
10.01.2020;103,82;121,5
09.01.2020;103,64;121,5
08.01.2020;105,08;121,5
07.01.2020;104,81;121,5
06.01.2020;105,17;121,5
03.01.2020;103,56;121,5
02.01.2020;102,12;121,5
31.12.2019;101,87;121,5
30.12.2019;101,32;121,5
27.12.2019;101,14;121,5
24.12.2019;99,78;121,5
23.12.2019;99,22;121,5
20.12.2019;99,03;121,5
19.12.2019;98,88;121,5
18.12.2019;98,72;121,5
17.12.2019;98,85;121,5
16.12.2019;99;121,5
13.12.2019;98,25;121,5
12.12.2019;98,34;121,5
11.12.2019;98,29;121,5
10.12.2019;98,18;121,5
09.12.2019;97,96;121,5
06.12.2019;97,84;121,5
05.12.2019;98,94;121,5
04.12.2019;98,9;121,5
03.12.2019;99,06;121,5
02.12.2019;97,99;121,5
29.11.2019;97,93;121,5
28.11.2019;97,57;121,5
27.11.2019;97,57;121,5
26.11.2019;97,61;121,5
25.11.2019;97,87;121,5
22.11.2019;98,29;121,5
21.11.2019;98,47;121,5
20.11.2019;98,8;121,5
19.11.2019;98,59;121,5
18.11.2019;98,55;121,5
15.11.2019;98,51;121,5
14.11.2019;98,5;121,5
13.11.2019;98,27;121,5
12.11.2019;97,54;121,5
11.11.2019;98;121,5
08.11.2019;98,38;121,5
07.11.2019;99,74;121,5
06.11.2019;99,89;121,5
05.11.2019;100,09;121,5
04.11.2019;101,48;121,5
01.11.2019;101,45;121,5
31.10.2019;101,6;121,5
30.10.2019;100,36;121,5
29.10.2019;100,01;121,5
28.10.2019;100,4;121,5
25.10.2019;101,83;121,5
24.10.2019;100,7;121,5
23.10.2019;100,58;121,5
22.10.2019;99,97;121,5
21.10.2019;100,41;121,5
18.10.2019;100,31;121,5
17.10.2019;100,49;121,5
16.10.2019;100,01;121,5
15.10.2019;100,2;121,5
14.10.2019;100,4;121,5
11.10.2019;99,64;121,5
10.10.2019;100,7;121,5
09.10.2019;101,57;121,5
08.10.2019;101,48;121,5
07.10.2019;101,18;121,5
04.10.2019;101,05;121,5
03.10.2019;102,27;121,5
02.10.2019;100,64;121,5
01.10.2019;99,37;121,5
30.09.2019;100,17;121,5
27.09.2019;100,5;121,5
26.09.2019;101,63;121,5
25.09.2019;103,17;121,5
24.09.2019;102,63;121,5
23.09.2019;102,74;121,5
20.09.2019;101,38;121,5
19.09.2019;101,31;121,5
18.09.2019;101,53;121,5
17.09.2019;101,44;121,5
16.09.2019;101,12;121,5
13.09.2019;101,54;121,5
12.09.2019;102,36;121,5
11.09.2019;100,73;121,5
10.09.2019;101,25;121,5
09.09.2019;102;121,5
06.09.2019;103;121,5
05.09.2019;103,37;121,5
04.09.2019;104,54;121,5
03.09.2019;103,99;121,5
02.09.2019;103,2;121,5
30.08.2019;103,38;121,5
29.08.2019;104,19;121,5
28.08.2019;104,01;121,5
27.08.2019;103,74;121,5
23.08.2019;101,78;121,5
22.08.2019;101,67;121,5
21.08.2019;101,78;121,5
20.08.2019;101,88;121,5
19.08.2019;101,35;121,5
16.08.2019;102,62;121,5
15.08.2019;102,66;121,5
14.08.2019;102,52;121,5
13.08.2019;101,52;121,5
12.08.2019;101,96;121,5
09.08.2019;101,5;121,5
08.08.2019;101,37;121,5
07.08.2019;102,1;121,5
06.08.2019;99,35;121,5
05.08.2019;99,36;121,5
02.08.2019;97,79;121,5
01.08.2019;95,44;121,5
31.07.2019;96,89;121,5
30.07.2019;96,79;121,5
29.07.2019;96,33;121,5
26.07.2019;96,44;121,5
25.07.2019;96,15;121,5
24.07.2019;96,91;121,5
23.07.2019;96,83;121,5
22.07.2019;96,99;121,5
19.07.2019;97,81;121,5
18.07.2019;96,31;121,5
17.07.2019;95,86;121,5
16.07.2019;95,83;121,5
15.07.2019;96,01;121,5
12.07.2019;95,7;121,5
11.07.2019;96,13;121,5
10.07.2019;95,79;121,5
09.07.2019;94,66;121,5
08.07.2019;95,25;121,5
05.07.2019;94,49;121,5
04.07.2019;96,29;121,5
03.07.2019;96,22;121,5
02.07.2019;94,72;121,5
01.07.2019;94,67;121,5
28.06.2019;95,98;121,5
27.06.2019;95,54;121,5
26.06.2019;95,67;121,5
25.06.2019;97,56;121,5
24.06.2019;95,82;121,5
21.06.2019;95,25;121,5
20.06.2019;94,06;121,5
19.06.2019;91,69;121,5
18.06.2019;91,51;121,5
17.06.2019;91,52;121,5
14.06.2019;92,21;121,5
13.06.2019;91,17;121,5
12.06.2019;90,95;121,5
11.06.2019;90,41;121,5
10.06.2019;90,71;121,5
07.06.2019;91,54;121,5
06.06.2019;91,2;121,5
05.06.2019;91,19;121,5
04.06.2019;90,47;121,5
03.06.2019;89,99;121,5
31.05.2019;88,53;121,5
30.05.2019;87,55;121,5
29.05.2019;87,62;121,5
28.05.2019;87,4;121,5
24.05.2019;87,7;1.282,50
23.05.2019;87,79;121,5
22.05.2019;87,14;121,5
21.05.2019;86,97;121,5
20.05.2019;87,37;121,5
17.05.2019;87,65;121,5
16.05.2019;88,4;121,5
15.05.2019;88,93;121,5
14.05.2019;88,89;121,5
13.05.2019;88,71;121,5
10.05.2019;88,14;121,5
09.05.2019;88,08;121,5
08.05.2019;88,04;121,5
07.05.2019;87,78;121,5
03.05.2019;87,61;121,5
02.05.2019;87,1;121,5
01.05.2019;88;121,5
30.04.2019;87,93;121,5
29.04.2019;87,74;121,5
26.04.2019;88,09;121,5
25.04.2019;87,86;121,5
24.04.2019;87,26;121,5
23.04.2019;87,12;121,5
18.04.2019;87,56;121,5
17.04.2019;87,58;121,5
16.04.2019;87,65;121,5
15.04.2019;88,3;121,5
12.04.2019;88,91;121,5
11.04.2019;89,22;121,5
10.04.2019;89,7;121,5
09.04.2019;89,54;121,5
08.04.2019;89,35;121,5
05.04.2019;88,57;121,5
04.04.2019;88,21;121,5
03.04.2019;88,74;121,5
02.04.2019;88,74;121,5
01.04.2019;88,97;121,5
29.03.2019;89,11;121,5
28.03.2019;89,1;121,5
27.03.2019;90,14;121,5
26.03.2019;90,6;121,5
25.03.2019;90,84;121,5
22.03.2019;90,28;121,5
21.03.2019;90,17;121,5
20.03.2019;89,79;121,5
19.03.2019;90,08;121,5
18.03.2019;89,94;121,5
15.03.2019;89,81;121,5
14.03.2019;89,27;121,5
13.03.2019;90,08;121,5
12.03.2019;89,41;121,5
11.03.2019;89,12;121,5
08.03.2019;89,41;121,5
07.03.2019;88,63;121,5
06.03.2019;88,69;121,5
05.03.2019;88,55;121,5
04.03.2019;88,67;121,5
01.03.2019;90,53;121,5
28.02.2019;91,03;121,5
27.02.2019;91,31;121,5
26.02.2019;91,47;121,5
25.02.2019;91,9;121,5
22.02.2019;91,77;121,5
21.02.2019;91,93;121,5
20.02.2019;92,82;121,5
19.02.2019;92,17;121,5
18.02.2019;91,58;121,5
15.02.2019;90,97;121,5
14.02.2019;90,63;121,5
13.02.2019;90,75;121,5
12.02.2019;90,57;121,5
11.02.2019;90,33;121,5
08.02.2019;90,93;121,5
07.02.2019;90,6;121,5
06.02.2019;90,79;121,5
05.02.2019;90,93;121,5
04.02.2019;90,79;121,5
01.02.2019;91,26;121,5
31.01.2019;91,58;121,5
30.01.2019;90,74;121,5
29.01.2019;90,53;121,5
28.01.2019;90,17;121,5
25.01.2019;89,61;121,5
24.01.2019;88,92;121,5
23.01.2019;88,67;121,5
22.01.2019;88,84;121,5
21.01.2019;88,67;121,5
18.01.2019;89;121,5
17.01.2019;89,46;121,5
16.01.2019;89,61;121,5
15.01.2019;89,76;121,5
14.01.2019;89,66;121,5
11.01.2019;89,4;121,5
10.01.2019;89,62;121,5
09.01.2019;89,41;121,5
08.01.2019;89,27;121,5
07.01.2019;89,68;121,5
04.01.2019;88,85;121,5
03.01.2019;89,59;121,5
02.01.2019;89,09;121,5
31.12.2018;89,01;121,5
28.12.2018;88,84;121,5
27.12.2018;88,1;121,5
24.12.2018;87,66;121,5
21.12.2018;87,46;121,5
20.12.2018;87,59;121,5
19.12.2018;87,29;121,5
18.12.2018;86,69;121,5
17.12.2018;86,38;121,5
14.12.2018;85,95;121,5
13.12.2018;86,48;121,5
12.12.2018;86,71;121,5
11.12.2018;86,68;121,5
10.12.2018;86,69;121,5
07.12.2018;86,56;121,5
06.12.2018;86,52;121,5
05.12.2018;86,08;121,5
04.12.2018;86,39;121,5
03.12.2018;85,71;121,5
30.11.2018;84,83;121,5
29.11.2018;85,45;121,5
28.11.2018;84,57;121,5
27.11.2018;85,13;121,5
26.11.2018;85,3;121,5
23.11.2018;85,32;121,5
22.11.2018;85,57;121,5
21.11.2018;85,52;121,5
20.11.2018;85,33;121,5
19.11.2018;85,24;121,5
16.11.2018;85,31;121,5
15.11.2018;84,59;121,5
14.11.2018;84,01;121,5
13.11.2018;83,93;121,5
12.11.2018;84,18;121,5
09.11.2018;84,61;121,5
08.11.2018;85,51;121,5
07.11.2018;85,95;121,5
06.11.2018;86,07;121,5
05.11.2018;86,12;121,5
02.11.2018;86,12;121,5
01.11.2018;86,06;121,5
31.10.2018;84,96;121,5
30.10.2018;85,7;121,5
29.10.2018;86,09;121,5
26.10.2018;86,31;121,5
25.10.2018;86,11;121,5
24.10.2018;86,11;121,5
23.10.2018;86,5;121,5
22.10.2018;85,55;121,5
19.10.2018;85,95;121,5
18.10.2018;85,62;121,5
17.10.2018;86,06;121,5
16.10.2018;86,19;121,5
15.10.2018;86,14;121,5
12.10.2018;85,44;121,5
11.10.2018;84,45;121,5
10.10.2018;83,29;121,5
09.10.2018;83,09;121,5
08.10.2018;83,19;121,5
05.10.2018;84,39;121,5
04.10.2018;84,38;121,5
03.10.2018;84,24;121,5
02.10.2018;84,5;121,5
01.10.2018;83,42;121,5
28.09.2018;83,29;121,5
27.09.2018;83,16;121,5
26.09.2018;83,81;121,5
25.09.2018;84,36;121,5
24.09.2018;84,42;121,5
21.09.2018;84,15;121,5
20.09.2018;84,84;121,5
19.09.2018;84,5;121,5
18.09.2018;84,29;121,5
17.09.2018;84,42;121,5
14.09.2018;84,43;121,5
13.09.2018;84,99;121,5
12.09.2018;84,02;121,5
11.09.2018;83,63;121,5
10.09.2018;84,11;121,5
07.09.2018;84,28;121,5
06.09.2018;84,73;121,5
05.09.2018;84,15;121,5
04.09.2018;83,75;121,5
03.09.2018;84,41;121,5
31.08.2018;84,59;121,5
30.08.2018;84,23;121,5
29.08.2018;84,75;121,5
28.08.2018;85,32;121,5
24.08.2018;84,32;121,5
23.08.2018;83,95;121,5
22.08.2018;84,27;121,5
21.08.2018;83,88;121,5
20.08.2018;83,43;121,5
17.08.2018;83,02;121,5
16.08.2018;83,17;121,5
15.08.2018;83,3;121,5
14.08.2018;84,37;121,5
13.08.2018;84,61;121,5
10.08.2018;85,61;121,5
09.08.2018;85,62;121,5
08.08.2018;85,3;121,5
07.08.2018;85,5;121,5
06.08.2018;85,32;121,5
03.08.2018;85,8;121,5
02.08.2018;85,75;121,5
01.08.2018;86,02;121,5
31.07.2018;86,16;121,5
30.07.2018;86,37;121,5
27.07.2018;86,39;121,5
26.07.2018;86,71;121,5
25.07.2018;86,95;121,5
24.07.2018;86,74;121,5
23.07.2018;86,51;121,5
20.07.2018;86,79;121,5
19.07.2018;86,01;121,5
18.07.2018;86,52;121,5
17.07.2018;87,12;121,5
16.07.2018;87,71;121,5
13.07.2018;87,77;121,5
12.07.2018;88,07;121,5
11.07.2018;88,48;121,5
10.07.2018;88,67;121,5
09.07.2018;89,25;121,5
06.07.2018;88,79;121,5
05.07.2018;88,81;121,5
04.07.2018;88,84;121,5
03.07.2018;88,57;121,5
02.07.2018;88,3;121,5
29.06.2018;88,5;121,5
28.06.2018;88,59;121,5
27.06.2018;88,83;121,5
26.06.2018;89,24;121,5
25.06.2018;89,85;121,5
22.06.2018;89,89;121,5
21.06.2018;89,68;121,5
20.06.2018;90,27;121,5
19.06.2018;90,42;121,5
18.06.2018;90,81;121,5
15.06.2018;91,09;121,5
14.06.2018;92,34;121,5
13.06.2018;91,89;121,5
12.06.2018;92,07;121,5
11.06.2018;92,15;121,5
08.06.2018;92,06;121,5
07.06.2018;92;121,5
06.06.2018;92,22;121,5
05.06.2018;91,66;121,5
04.06.2018;91,91;121,5
01.06.2018;91,86;121,5
31.05.2018;92,63;121,5
30.05.2018;92,32;121,5
29.05.2018;91,96;121,5
25.05.2018;92,54;121,5
24.05.2018;92,65;121,5
23.05.2018;91,55;121,5
22.05.2018;91,85;121,5
21.05.2018;91,52;121,5
18.05.2018;91,53;121,5
17.05.2018;91,62;121,5
16.05.2018;91,77;121,5
15.05.2018;92,04;121,5
14.05.2018;93,84;121,5
11.05.2018;94,17;121,5
10.05.2018;93,78;121,5
09.05.2018;93,45;121,5
08.05.2018;92,95;121,5
04.05.2018;93,16;121,5
03.05.2018;93,57;121,5
02.05.2018;92,82;121,5
01.05.2018;93,03;121,5
30.04.2018;93,48;121,5
27.04.2018;94,08;121,5
26.04.2018;94,04;121,5
25.04.2018;94,12;121,5
24.04.2018;94,65;121,5
23.04.2018;94,33;121,5
20.04.2018;95,23;121,5
19.04.2018;96,09;121,5
18.04.2018;96,31;121,5
17.04.2018;95,66;121,5
16.04.2018;96,18;121,5
13.04.2018;95,79;121,5
12.04.2018;95,63;121,5
11.04.2018;96,33;121,5
10.04.2018;95,49;121,5
09.04.2018;95,01;121,5
06.04.2018;94,96;121,5
05.04.2018;94,72;121,5
04.04.2018;95,43;121,5
03.04.2018;95,17;121,5
29.03.2018;94,49;121,5
28.03.2018;95,11;121,5
27.03.2018;95,8;121,5
26.03.2018;96,59;121,5
23.03.2018;96,19;121,5
22.03.2018;94,96;121,5
21.03.2018;94,42;121,5
20.03.2018;93,69;121,5
19.03.2018;93,8;121,5
16.03.2018;93,64;121,5
15.03.2018;94,27;121,5
14.03.2018;94,63;121,5
13.03.2018;94,58;121,5
12.03.2018;94,33;121,5
09.03.2018;94,45;121,5
08.03.2018;94,48;121,5
07.03.2018;95,1;121,5
06.03.2018;95,25;121,5
05.03.2018;94,48;121,5
02.03.2018;94,62;121,5
01.03.2018;93,6;121,5
28.02.2018;94,34;121,5
27.02.2018;94,92;121,5
26.02.2018;95,49;121,5
23.02.2018;95,1;121,5
22.02.2018;95,14;121,5
21.02.2018;95,31;121,5
20.02.2018;95,99;121,5
19.02.2018;96,48;121,5
16.02.2018;96,88;121,5
15.02.2018;96,92;121,5
14.02.2018;95,8;121,5
13.02.2018;95,02;121,5
12.02.2018;94,81;121,5
09.02.2018;94,23;121,5
08.02.2018;94,34;121,5
07.02.2018;95,02;121,5
06.02.2018;95,51;121,5
05.02.2018;95,68;121,5
02.02.2018;95,51;121,5
01.02.2018;96,25;121,5
31.01.2018;96,54;121,5
30.01.2018;96,53;121,5
29.01.2018;96,47;121,5
26.01.2018;97,15;121,5
25.01.2018;97,29;121,5
24.01.2018;97,22;121,5
23.01.2018;95,78;121,5
22.01.2018;95,73;121,5
19.01.2018;95,91;121,5
18.01.2018;95,72;121,5
17.01.2018;95,98;121,5
16.01.2018;95,86;121,5
15.01.2018;96,26;121,5
12.01.2018;95,38;121,5
11.01.2018;95,12;121,5
10.01.2018;94,91;121,5
09.01.2018;94,29;121,5
08.01.2018;94,94;121,5
05.01.2018;94,75;121,5
04.01.2018;94,57;121,5
03.01.2018;94,61;121,5
02.01.2018;94,41;121,5
29.12.2017;93,31;121,5
28.12.2017;92,92;121,5
27.12.2017;92,23;121,5
22.12.2017;91,17;121,5
21.12.2017;91,18;121,5
20.12.2017;91,21;121,5
19.12.2017;90,91;121,5
18.12.2017;90,99;121,5
15.12.2017;90,57;121,5
14.12.2017;90,26;121,5
13.12.2017;89,67;121,5
12.12.2017;89,56;121,5
11.12.2017;90,01;121,5
08.12.2017;90,27;121,5
07.12.2017;90,6;121,5
06.12.2017;91,24;121,5
05.12.2017;91,43;121,5
04.12.2017;91,96;121,5
01.12.2017;92,11;121,5
30.11.2017;92,46;121,5
29.11.2017;92,74;121,5
28.11.2017;93,32;121,5
27.11.2017;93,55;121,5
24.11.2017;93,24;121,5
23.11.2017;93,24;121,5
22.11.2017;93,01;121,5
21.11.2017;92,76;121,5
20.11.2017;92,98;121,5
17.11.2017;92,86;121,5
16.11.2017;92,55;121,5
15.11.2017;92,72;121,5
14.11.2017;92,18;121,5
13.11.2017;92,43;121,5
10.11.2017;92,9;121,5
09.11.2017;92,94;121,5
08.11.2017;92,9;121,5
07.11.2017;92,3;121,5
06.11.2017;91,96;121,5
03.11.2017;91,7;121,5
02.11.2017;92,58;121,5
01.11.2017;92,44;121,5
31.10.2017;91,95;121,5
30.10.2017;92,09;121,5
27.10.2017;91,7;121,5
26.10.2017;92,24;121,5
25.10.2017;92,34;121,5
24.10.2017;92,46;121,5
23.10.2017;92,35;121,5
20.10.2017;92,82;121,5
19.10.2017;93,2;121,5
18.10.2017;92,77;121,5
17.10.2017;93,11;121,5
16.10.2017;94,46;121,5
13.10.2017;94,2;121,5
12.10.2017;93,53;121,5
11.10.2017;93,48;121,5
10.10.2017;93,64;121,5
09.10.2017;92,73;121,5
06.10.2017;91,52;121,5
05.10.2017;92,45;121,5
04.10.2017;92,45;121,5
03.10.2017;92,24;121,5
02.10.2017;92,42;121,5
29.09.2017;93,12;121,5
28.09.2017;93,14;121,5
27.09.2017;93,11;121,5
26.09.2017;94,4;121,5
25.09.2017;93,91;121,5
22.09.2017;94,03;121,5
21.09.2017;93,84;121,5
20.09.2017;95,26;121,5
19.09.2017;95,14;121,5
18.09.2017;95,33;121,5
15.09.2017;96,12;121,5
13.09.2017;96,48;121,5
12.09.2017;96,42;121,5
11.09.2017;96,98;121,5
08.09.2017;97,87;121,5
07.09.2017;97,68;121,5
06.09.2017;97,29;121,5
05.09.2017;97,13;121,5
04.09.2017;96,95;121,5
01.09.2017;96,04;121,5
31.08.2017;95,42;121,5
30.08.2017;95,2;121,5
29.08.2017;95,95;121,5
25.08.2017;93,58;121,5
24.08.2017;93,86;121,5
23.08.2017;93,7;121,5
22.08.2017;93,53;121,5
21.08.2017;94,17;121,5
18.08.2017;94,39;121,5
17.08.2017;93,63;121,5
16.08.2017;92,74;121,5
15.08.2017;92,57;121,5
14.08.2017;93,46;121,5
11.08.2017;93,74;121,5
10.08.2017;93,62;121,5
09.08.2017;92,67;121,5
08.08.2017;91,99;121,5
07.08.2017;91,72;121,5
04.08.2017;91,71;121,5
03.08.2017;92,48;121,5
02.08.2017;92,6;121,5
01.08.2017;92,71;121,5
31.07.2017;92,47;121,5
28.07.2017;92,28;121,5
27.07.2017;92,01;121,5
26.07.2017;91,09;121,5
25.07.2017;91,55;121,5
24.07.2017;91,64;121,5
21.07.2017;91,14;121,5
20.07.2017;90,43;121,5
19.07.2017;90,7;121,5
18.07.2017;90,6;121,5
17.07.2017;90,13;121,5
14.07.2017;89,86;121,5
13.07.2017;89,04;121,5
12.07.2017;89,04;121,5
11.07.2017;88,49;121,5
10.07.2017;88,55;121,5
07.07.2017;88,84;121,5
06.07.2017;89,52;121,5
05.07.2017;89,2;121,5
04.07.2017;89,46;121,5
03.07.2017;89,87;121,5
30.06.2017;90,83;121,5
29.06.2017;90,93;121,5
28.06.2017;91,28;121,5
27.06.2017;91,4;121,5
26.06.2017;91,1;121,5
23.06.2017;91,87;121,5
22.06.2017;91,52;121,5
21.06.2017;90,92;121,5
20.06.2017;90,91;121,5
19.06.2017;91,35;121,5
16.06.2017;91,89;121,5
15.06.2017;91,84;121,5
14.06.2017;93,4;121,5
13.06.2017;92,42;121,5
12.06.2017;92,75;121,5
09.06.2017;92,77;121,5
08.06.2017;93,26;121,5
07.06.2017;94,59;121,5
06.06.2017;94,78;121,5
05.06.2017;93,79;121,5
02.06.2017;93,43;121,5
01.06.2017;92,7;121,5
31.05.2017;92,81;121,5
30.05.2017;92,56;121,5
26.05.2017;92,75;121,5
25.05.2017;92,16;121,5
24.05.2017;91,85;121,5
23.05.2017;92,42;121,5
22.05.2017;92,33;121,5
19.05.2017;91,84;121,5
18.05.2017;92,13;121,5
17.05.2017;92,25;121,5
16.05.2017;90,56;121,5
15.05.2017;90,5;121,5
12.05.2017;90,36;121,5
11.05.2017;89,77;121,5
10.05.2017;89,77;121,5
09.05.2017;89,59;121,5
08.05.2017;90,29;121,5
05.05.2017;90,17;121,5
04.05.2017;90,2;121,5
03.05.2017;91,82;121,5
02.05.2017;92,2;121,5
28.04.2017;93,02;121,5
27.04.2017;92,76;121,5
26.04.2017;92,71;121,5
25.04.2017;93,15;121,5
24.04.2017;93,27;121,5
21.04.2017;94,18;121,5
20.04.2017;94,21;121,5
19.04.2017;94;121,5
18.04.2017;94;121,5
13.04.2017;94,39;121,5
12.04.2017;93,67;121,5
11.04.2017;92,12;121,5
10.04.2017;91,92;121,5
07.04.2017;93,14;121,5
06.04.2017;92,11;121,5
05.04.2017;91,63;121,5
04.04.2017;92,51;121,5
03.04.2017;91,75;121,5
31.03.2017;91,58;121,5
30.03.2017;91,88;121,5
29.03.2017;92,07;121,5
28.03.2017;92,53;121,5
27.03.2017;92,56;121,5
24.03.2017;91,84;121,5
23.03.2017;91,84;121,5
22.03.2017;91,97;121,5
21.03.2017;91,42;121,5
20.03.2017;90,76;121,5
17.03.2017;90,56;121,5
16.03.2017;90,54;121,5
15.03.2017;88,33;121,5
14.03.2017;88,76;121,5
13.03.2017;88,74;121,5
10.03.2017;88,63;121,5
09.03.2017;88,92;121,5
08.03.2017;89,13;121,5
07.03.2017;89,68;121,5
06.03.2017;90,74;121,5
03.03.2017;90,42;121,5
02.03.2017;91,28;121,5
01.03.2017;91,46;121,5
28.02.2017;92,59;121,5
27.02.2017;92,72;121,5
24.02.2017;92,46;121,5
23.02.2017;92,04;121,5
22.02.2017;91,23;121,5
21.02.2017;90,98;121,5
20.02.2017;91,29;121,5
17.02.2017;91,64;121,5
16.02.2017;91,54;121,5
15.02.2017;90,37;121,5
14.02.2017;90,85;121,5
13.02.2017;90,23;121,5
10.02.2017;90,68;121,5
09.02.2017;91,32;121,5
08.02.2017;91,72;121,5
07.02.2017;90,91;121,5
06.02.2017;90,6;121,5
03.02.2017;89,75;121,5
02.02.2017;90,25;121,5
01.02.2017;88,92;121,5
31.01.2017;89,6;121,5
30.01.2017;88,15;121,5
27.01.2017;87,57;121,5
26.01.2017;87,93;121,5
25.01.2017;88,33;121,5
24.01.2017;89,95;121,5
23.01.2017;89,67;121,5
20.01.2017;88,77;121,5
19.01.2017;88,44;121,5
18.01.2017;89,85;121,5
17.01.2017;89,95;121,5
16.01.2017;89;121,5
13.01.2017;88,07;121,5
12.01.2017;89,17;121,5
11.01.2017;87,25;121,5
10.01.2017;88,07;121,5
09.01.2017;87,27;121,5
06.01.2017;87,08;121,5
05.01.2017;87,15;121,5
04.01.2017;86,24;121,5
03.01.2017;85,27;121,5
30.12.2016;85,9;121,5
29.12.2016;84,94;121,5
28.12.2016;84,2;121,5
23.12.2016;83,95;121,5
22.12.2016;83,98;121,5
21.12.2016;84,16;121,5
20.12.2016;83,58;121,5
19.12.2016;84,38;121,5
16.12.2016;84,04;121,5
15.12.2016;83,7;121,5
14.12.2016;86,39;121,5
13.12.2016;86,12;121,5
12.12.2016;85,94;121,5
09.12.2016;86,5;121,5
08.12.2016;87,06;121,5
07.12.2016;87,57;121,5
06.12.2016;87,19;121,5
05.12.2016;86,43;121,5
02.12.2016;87,27;121,5
01.12.2016;86,41;121,5
30.11.2016;87,63;121,5
29.11.2016;88,26;121,5
28.11.2016;88,3;121,5
25.11.2016;88,36;121,5
24.11.2016;88,25;121,5
23.11.2016;88,2;121,5
22.11.2016;90,23;121,5
21.11.2016;90,38;121,5
18.11.2016;90,15;121,5
17.11.2016;91,33;121,5
16.11.2016;91,53;121,5
15.11.2016;91,36;121,5
14.11.2016;90,37;121,5
11.11.2016;92,11;121,5
10.11.2016;94,42;121,5
09.11.2016;95,47;121,5
08.11.2016;95,56;121,5
07.11.2016;95,61;121,5
04.11.2016;97,1;121,5
03.11.2016;96,97;121,5
02.11.2016;97,19;121,5
01.11.2016;96,06;121,5
31.10.2016;94,85;121,5
28.10.2016;94,93;121,5
27.10.2016;94,43;121,5
26.10.2016;94,76;121,5
25.10.2016;94,68;121,5
24.10.2016;94,4;121,5
21.10.2016;94,45;121,5
20.10.2016;94,87;121,5
19.10.2016;94,69;121,5
18.10.2016;93,88;121,5
17.10.2016;93,63;121,5
14.10.2016;93,41;121,5
13.10.2016;94,11;121,5
12.10.2016;93,79;121,5
11.10.2016;93,56;121,5
10.10.2016;94,02;121,5
07.10.2016;93,97;121,5
06.10.2016;93,66;121,5
05.10.2016;94,79;121,5
04.10.2016;95,83;121,5
03.10.2016;98,09;121,5
30.09.2016;98,78;121,5
29.09.2016;98,46;121,5
28.09.2016;98,82;121,5
27.09.2016;99,17;121,5
26.09.2016;100,18;121,5
23.09.2016;100,05;121,5
22.09.2016;100,09;121,5
21.09.2016;99,14;121,5
20.09.2016;98,23;121,5
19.09.2016;98,31;121,5
16.09.2016;97,83;121,5
15.09.2016;98,02;121,5
14.09.2016;98,85;121,5
13.09.2016;99;121,5
12.09.2016;99,07;121,5
09.09.2016;99,55;121,5
08.09.2016;100,5;121,5
07.09.2016;100,88;121,5
06.09.2016;100,06;121,5
05.09.2016;99,25;121,5
02.09.2016;99,13;121,5
01.09.2016;98;121,5
31.08.2016;98;121,5
30.08.2016;98,67;121,5
26.08.2016;98,73;121,5
25.08.2016;98,92;121,5
24.08.2016;99,38;121,5
23.08.2016;100,5;121,5
22.08.2016;100,04;121,5
19.08.2016;100,84;121,5
18.08.2016;101,12;121,5
17.08.2016;100,63;121,5
16.08.2016;100,68;121,5
15.08.2016;100,34;121,5
12.08.2016;101,31;121,5
11.08.2016;101,53;121,5
10.08.2016;100,99;121,5
09.08.2016;100,5;121,5
08.08.2016;100,19;121,5
05.08.2016;100,46;121,5
04.08.2016;102,16;121,5
03.08.2016;101,88;121,5
02.08.2016;102,25;121,5
01.08.2016;101,21;121,5
29.07.2016;100,64;121,5
28.07.2016;100,63;121,5
27.07.2016;99,69;121,5
26.07.2016;99,25;121,5
25.07.2016;98,51;121,5
22.07.2016;99,09;121,5
21.07.2016;99,13;121,5
20.07.2016;98,75;121,5
19.07.2016;99,88;121,5
18.07.2016;100,17;121,5
15.07.2016;99,6;121,5
14.07.2016;99,35;121,5
13.07.2016;100,79;121,5
12.07.2016;100,77;121,5
11.07.2016;101,88;121,5
08.07.2016;101,67;121,5
07.07.2016;101,86;121,5
06.07.2016;102,59;121,5
05.07.2016;101,43;121,5
04.07.2016;101,43;121,5
01.07.2016;100,63;121,5
30.06.2016;99,2;121,5
29.06.2016;99,27;121,5
28.06.2016;98,4;121,5
27.06.2016;99,52;121,5
24.06.2016;98,84;121,5
23.06.2016;94,74;121,5
22.06.2016;94,95;121,5
21.06.2016;95,53;121,5
20.06.2016;96,23;121,5
17.06.2016;96,91;121,5
16.06.2016;98,4;121,5
15.06.2016;96,33;121,5
14.06.2016;96,63;121,5
13.06.2016;96,15;121,5
10.06.2016;95,76;121,5
09.06.2016;94,89;121,5
08.06.2016;94,83;121,5
07.06.2016;93,19;121,5
06.06.2016;93,42;121,5
03.06.2016;93,17;121,5
02.06.2016;91,09;121,5
01.06.2016;91,26;121,5
31.05.2016;91,08;121,5
27.05.2016;91,4;121,5
26.05.2016;91,98;121,5
25.05.2016;91,75;121,5
24.05.2016;92,98;121,5
23.05.2016;93,66;121,5
20.05.2016;94,3;121,5
19.05.2016;93,7;121,5
18.05.2016;95,73;121,5
17.05.2016;96,05;121,5
16.05.2016;96,71;121,5
13.05.2016;95,22;121,5
12.05.2016;96,24;121,5
11.05.2016;96,07;121,5
10.05.2016;95,02;121,5
09.05.2016;95,21;121,5
06.05.2016;97,01;121,5
05.05.2016;96,36;121,5
04.05.2016;96,58;121,5
03.05.2016;97,41;121,5
29.04.2016;96,8;121,5
28.04.2016;94,59;121,5
27.04.2016;93,95;121,5
26.04.2016;93,53;121,5
25.04.2016;93,32;121,5
22.04.2016;93,66;121,5
21.04.2016;94,12;121,5
20.04.2016;94,33;121,5
19.04.2016;94,59;121,5
18.04.2016;93,02;121,5
15.04.2016;92,48;121,5
14.04.2016;93;121,5
13.04.2016;93,9;121,5
12.04.2016;94,58;121,5
11.04.2016;94,59;121,5
08.04.2016;93,46;121,5
07.04.2016;93,66;121,5
06.04.2016;92,1;121,5
05.04.2016;92,85;121,5
04.04.2016;91,98;121,5
01.04.2016;91,52;121,5
31.03.2016;93,3;121,5
30.03.2016;93,25;121,5
29.03.2016;92,49;121,5
24.03.2016;92,13;121,5
23.03.2016;91,88;121,5
22.03.2016;94,54;121,5
21.03.2016;93,97;121,5
18.03.2016;94,52;121,5
17.03.2016;95,61;121,5
16.03.2016;92,81;121,5
15.03.2016;93,08;121,5
14.03.2016;93,9;121,5
11.03.2016;95,57;121,5
10.03.2016;95,71;121,5
09.03.2016;94,21;121,5
08.03.2016;95,78;121,5
07.03.2016;95,85;121,5
04.03.2016;96,59;121,5
03.03.2016;94,55;121,5
02.03.2016;93,73;121,5
01.03.2016;93,53;121,5
29.02.2016;93,41;121,5
26.02.2016;92,78;121,5
25.02.2016;93,51;121,5
24.02.2016;94,63;121,5
23.02.2016;92,41;121,5
22.02.2016;91,63;121,5
19.02.2016;93,17;121,5
18.02.2016;91,58;121,5
17.02.2016;91,59;121,5
16.02.2016;91,55;121,5
15.02.2016;91,46;121,5
12.02.2016;93,88;121,5
11.02.2016;93,97;121,5
10.02.2016;90,15;121,5
09.02.2016;90,23;121,5
08.02.2016;90,4;121,5
05.02.2016;87,15;121,5
04.02.2016;87,62;121,5
03.02.2016;85,81;121,5
02.02.2016;85,55;121,5
01.02.2016;85,4;121,5
29.01.2016;84,3;121,5
28.01.2016;84,47;121,5
27.01.2016;84,65;121,5
26.01.2016;84,45;121,5
25.01.2016;83,92;121,5
22.01.2016;83,15;121,5
21.01.2016;83,17;121,5
20.01.2016;83,58;121,5
19.01.2016;82,4;121,5
18.01.2016;82,63;121,5
15.01.2016;82,99;121,5
14.01.2016;82,58;121,5
13.01.2016;82,57;121,5
12.01.2016;82,37;121,5
11.01.2016;83,54;121,5
08.01.2016;83,63;121,5
07.01.2016;83,98;121,5
06.01.2016;82,86;121,5
05.01.2016;81,77;121,5
04.01.2016;82,17;121,5
31.12.2015;80,65;121,5
30.12.2015;80,49;121,5
29.12.2015;81,27;121,5
24.12.2015;81,42;121,5
23.12.2015;81,14;121,5
22.12.2015;81,66;121,5
21.12.2015;81,95;121,5
18.12.2015;80,73;121,5
17.12.2015;79,74;121,5
16.12.2015;81,73;121,5
15.12.2015;80,68;121,5
14.12.2015;81,2;121,5
11.12.2015;81,53;121,5
10.12.2015;81,42;121,5
09.12.2015;82,18;121,5
08.12.2015;81,51;121,5
07.12.2015;81,8;121,5
04.12.2015;82,07;121,5
03.12.2015;80,28;121,5
02.12.2015;80,28;121,5
01.12.2015;81,05;121,5
30.11.2015;80,78;121,5
27.11.2015;80,45;121,5
26.11.2015;81,49;121,5
25.11.2015;81,26;121,5
24.11.2015;81,91;121,5
23.11.2015;81,47;121,5
20.11.2015;82,33;121,5
19.11.2015;82,4;121,5
18.11.2015;81,28;121,5
17.11.2015;82,15;121,5
16.11.2015;82,58;121,5
13.11.2015;82,33;121,5
12.11.2015;82,79;121,5
11.11.2015;82,68;121,5
10.11.2015;82,77;121,5
09.11.2015;82,96;121,5
06.11.2015;82,92;121,5
05.11.2015;84,26;121,5
04.11.2015;84,91;121,5
03.11.2015;85,55;121,5
02.11.2015;86,39;121,5
30.10.2015;87,03;121,5
29.10.2015;87,51;121,5
28.10.2015;89,9;121,5
27.10.2015;88,84;121,5
26.10.2015;88,9;121,5
23.10.2015;88,51;121,5
22.10.2015;88,96;121,5
21.10.2015;88,97;121,5
20.10.2015;89,79;121,5
19.10.2015;89,61;121,5
16.10.2015;90,03;121,5
15.10.2015;90,3;121,5
14.10.2015;89,51;121,5
13.10.2015;88,85;121,5
12.10.2015;88,83;121,5
09.10.2015;87,82;121,5
08.10.2015;86,95;121,5
07.10.2015;87,3;121,5
06.10.2015;87,53;121,5
05.10.2015;86,94;121,5
02.10.2015;87,02;121,5
01.10.2015;85,38;121,5
30.09.2015;85;121,5
29.09.2015;86,39;121,5
28.09.2015;86,32;121,5
25.09.2015;87,51;121,5
24.09.2015;88,12;121,5
23.09.2015;86,37;121,5
22.09.2015;85,73;121,5
21.09.2015;86,53;121,5
18.09.2015;87,17;121,5
17.09.2015;85,36;121,5
16.09.2015;85,37;121,5
15.09.2015;84,48;121,5
14.09.2015;84,39;121,5
11.09.2015;84,13;121,5
10.09.2015;84,76;121,5
09.09.2015;84,79;121,5
08.09.2015;85,66;121,5
07.09.2015;85,53;121,5
04.09.2015;85,44;121,5
03.09.2015;86,19;121,5
02.09.2015;86,95;121,5
01.09.2015;87,3;121,5
28.08.2015;86,75;121,5
27.08.2015;85,53;121,5
26.08.2015;85,67;121,5
25.08.2015;86,96;121,5
24.08.2015;89,22;121,5
21.08.2015;88,49;121,5
20.08.2015;87,82;121,5
19.08.2015;86,2;121,5
18.08.2015;85,08;121,5
17.08.2015;85,64;121,5
14.08.2015;85,61;121,5
13.08.2015;85,49;121,5
12.08.2015;85,67;121,5
11.08.2015;84,86;121,5
10.08.2015;84,01;121,5
07.08.2015;83,75;121,5
06.08.2015;83,46;121,5
05.08.2015;83,11;121,5
04.08.2015;83,54;121,5
03.08.2015;83,64;121,5
31.07.2015;84,15;121,5
30.07.2015;83,33;121,5
29.07.2015;83,54;121,5
28.07.2015;84;121,5
27.07.2015;84,3;121,5
24.07.2015;82,85;121,5
23.07.2015;84,13;121,5
22.07.2015;83,47;121,5
21.07.2015;84,77;121,5
20.07.2015;84,7;121,5
17.07.2015;86,87;121,5
16.07.2015;87,77;121,5
15.07.2015;88;121,5
14.07.2015;88,78;121,5
13.07.2015;88,52;121,5
10.07.2015;88,94;121,5
09.07.2015;89,31;121,5
08.07.2015;88,88;121,5
07.07.2015;88,71;121,5
06.07.2015;89,47;121,5
03.07.2015;89,62;121,5
02.07.2015;89,42;121,5
01.07.2015;89,63;121,5
30.06.2015;89,87;121,5
29.06.2015;90,25;121,5
26.06.2015;89,83;121,5
25.06.2015;90;121,5
24.06.2015;90,09;121,5
23.06.2015;90,42;121,5
22.06.2015;91,01;121,5
19.06.2015;92,38;121,5
18.06.2015;92,27;121,5
17.06.2015;90,46;121,5
16.06.2015;90,44;121,5
15.06.2015;90,73;121,5
12.06.2015;90,84;121,5
11.06.2015;90,51;121,5
10.06.2015;91,29;121,5
09.06.2015;90,45;121,5
08.06.2015;90,1;121,5
05.06.2015;89,48;121,5
04.06.2015;90,37;121,5
03.06.2015;91,45;121,5
02.06.2015;91,67;121,5
01.06.2015;92,21;121,5
29.05.2015;91,56;121,5
27.05.2015;91,14;121,5
26.05.2015;91,11;121,5
22.05.2015;92,57;121,5
21.05.2015;92,64;121,5
20.05.2015;93,07;121,5
19.05.2015;93,37;121,5
18.05.2015;94,09;121,5
15.05.2015;93,86;121,5
14.05.2015;94,21;121,5
13.05.2015;93,11;121,5
12.05.2015;91,66;121,5
11.05.2015;91,49;121,5
08.05.2015;91,25;121,5
07.05.2015;91,33;121,5
06.05.2015;91,89;121,5
05.05.2015;92,1;121,5
01.05.2015;90,47;121,5
30.04.2015;90,8;121,5
29.04.2015;93,01;121,5
28.04.2015;93,01;121,5
27.04.2015;92,33;121,5
24.04.2015;91,03;121,5
23.04.2015;91,24;121,5
22.04.2015;91,52;121,5
21.04.2015;91,98;121,5
20.04.2015;92,08;121,5
17.04.2015;92,61;121,5
16.04.2015;92,69;121,5
15.04.2015;91,82;121,5
14.04.2015;91,97;121,5
13.04.2015;92,29;121,5
10.04.2015;92,94;121,5
09.04.2015;91,97;121,5
08.04.2015;92,94;121,5
07.04.2015;93,24;121,5
02.04.2015;92,28;121,5
01.04.2015;92,17;121,5
31.03.2015;91,41;121,5
30.03.2015;91,29;121,5
27.03.2015;92,09;121,5
26.03.2015;92,67;121,5
25.03.2015;92,09;121,5
24.03.2015;91,77;121,5
23.03.2015;91,37;121,5
20.03.2015;91,14;121,5
19.03.2015;89,84;121,5
18.03.2015;88,4;121,5
17.03.2015;88,68;121,5
16.03.2015;88,68;121,5
13.03.2015;88,78;121,5
12.03.2015;88,8;121,5
11.03.2015;88,63;121,5
10.03.2015;89,58;121,5
09.03.2015;90,08;121,5
06.03.2015;90,65;121,5
05.03.2015;92,71;121,5
04.03.2015;92,52;121,5
03.03.2015;93,55;121,5
02.03.2015;93,54;121,5
27.02.2015;93,66;121,5
26.02.2015;93,22;121,5
25.02.2015;92,95;121,5
24.02.2015;92,01;121,5
23.02.2015;92,93;121,5
20.02.2015;93,23;121,5
19.02.2015;93,33;121,5
18.02.2015;93,06;121,5
17.02.2015;93,34;121,5
16.02.2015;94,87;121,5
13.02.2015;95,12;121,5
12.02.2015;94,35;121,5
11.02.2015;94,45;121,5
10.02.2015;95,29;121,5
09.02.2015;95,6;121,5
06.02.2015;95,8;121,5
05.02.2015;97,22;121,5
04.02.2015;97,94;121,5
03.02.2015;97,61;121,5
02.02.2015;98,25;121,5
30.01.2015;97,31;121,5
29.01.2015;97,97;121,5
28.01.2015;99,46;121,5
27.01.2015;99,5;121,5
26.01.2015;98,95;121,5
23.01.2015;99,99;121,5
22.01.2015;100,07;121,5
21.01.2015;99,9;121,5
20.01.2015;99,54;121,5
19.01.2015;98,38;121,5
16.01.2015;98,67;121,5
15.01.2015;97,24;121,5
14.01.2015;95,36;121,5
13.01.2015;95,1;121,5
12.01.2015;94,71;121,5
09.01.2015;94,04;121,5
08.01.2015;93,87;121,5
07.01.2015;93,49;121,5
06.01.2015;93,47;121,5
05.01.2015;92,68;121,5
02.01.2015;90,51;121,5
31.12.2014;92,64;121,5
30.12.2014;93,17;121,5
29.12.2014;91,58;121,5
24.12.2014;90,93;121,5
23.12.2014;90,84;121,5
22.12.2014;92,36;121,5
19.12.2014;92,39;121,5
18.12.2014;92,66;121,5
17.12.2014;92,41;121,5
16.12.2014;92,94;121,5
15.12.2014;93,46;121,5
12.12.2014;94,06;121,5
11.12.2014;94,01;121,5
10.12.2014;95;121,5
09.12.2014;94,85;121,5
08.12.2014;92,25;121,5
05.12.2014;92,33;121,5
04.12.2014;93,5;121,5
03.12.2014;93,18;121,5
02.12.2014;92,42;121,5
01.12.2014;92,35;121,5
28.11.2014;91,48;121,5
27.11.2014;92,42;121,5
26.11.2014;92,63;121,5
25.11.2014;92,75;121,5
24.11.2014;92,64;121,5
21.11.2014;93,13;121,5
20.11.2014;92,05;121,5
19.11.2014;92,52;121,5
18.11.2014;92,27;121,5
17.11.2014;91,49;121,5
14.11.2014;90,45;121,5
13.11.2014;89,89;121,5
12.11.2014;90,11;121,5
11.11.2014;89,49;121,5
10.11.2014;89,92;121,5
07.11.2014;89,34;121,5
06.11.2014;88,61;121,5
05.11.2014;88,38;121,5
04.11.2014;90,28;121,5
03.11.2014;90,38;121,5
31.10.2014;90,12;121,5
30.10.2014;93,07;121,5
29.10.2014;94,75;121,5
28.10.2014;95,2;121,5
27.10.2014;95,16;121,5
24.10.2014;95,48;121,5
23.10.2014;95,48;121,5
22.10.2014;96,34;121,5
21.10.2014;96,85;121,5
20.10.2014;96,4;121,5
17.10.2014;95,61;121,5
16.10.2014;95,89;121,5
15.10.2014;95,87;121,5
14.10.2014;95,66;121,5
13.10.2014;95,22;121,5
10.10.2014;94,45;121,5
09.10.2014;95,06;121,5
08.10.2014;94,31;121,5
07.10.2014;93,81;121,5
06.10.2014;92,68;121,5
03.10.2014;92,62;121,5
02.10.2014;93,94;121,5
01.10.2014;94,31;121,5
30.09.2014;94,31;121,5
29.09.2014;94,55;121,5
26.09.2014;94,1;121,5
25.09.2014;94,11;121,5
24.09.2014;94,38;121,5
23.09.2014;94,76;121,5
22.09.2014;94,1;121,5
19.09.2014;94,59;121,5
18.09.2014;94,65;121,5
17.09.2014;95,86;121,5
16.09.2014;95,58;121,5
15.09.2014;95,73;121,5
12.09.2014;95,53;121,5
11.09.2014;96,28;121,5
10.09.2014;97,04;121,5
09.09.2014;97,41;121,5
08.09.2014;97,67;121,5
05.09.2014;98,22;121,5
04.09.2014;98,65;121,5
03.09.2014;98,18;121,5
02.09.2014;98,3;121,5
29.08.2014;99,76;121,5
28.08.2014;100,25;121,5
27.08.2014;99,54;121,5
26.08.2014;99,79;121,5
22.08.2014;99,11;121,5
21.08.2014;98,96;121,5
20.08.2014;100,5;121,5
19.08.2014;100,62;121,5
18.08.2014;100,64;121,5
15.08.2014;100,59;121,5
14.08.2014;101,95;121,5
13.08.2014;101,84;121,5
12.08.2014;102,13;121,5
11.08.2014;101,47;121,5
08.08.2014;101,67;121,5
07.08.2014;101,32;121,5
06.08.2014;101,42;121,5
05.08.2014;99,73;121,5
04.08.2014;100,18;121,5
01.08.2014;100,25;121,5
31.07.2014;99,79;121,5
30.07.2014;100,51;121,5
29.07.2014;100,88;121,5
28.07.2014;101,29;121,5
25.07.2014;100,54;121,5
24.07.2014;100,38;121,5
23.07.2014;101,57;121,5
22.07.2014;101,75;121,5
21.07.2014;101,85;121,5
18.07.2014;101,52;121,5
17.07.2014;101,16;121,5
16.07.2014;101,04;121,5
15.07.2014;101,75;121,5
14.07.2014;101,44;121,5
11.07.2014;103,69;121,5
10.07.2014;104,1;121,5
09.07.2014;102,75;121,5
08.07.2014;102,77;121,5
07.07.2014;101,99;121,5
04.07.2014;102,48;121,5
03.07.2014;102,35;121,5
02.07.2014;103,05;121,5
01.07.2014;103,14;121,5
30.06.2014;102,17;121,5
27.06.2014;102,37;121,5
26.06.2014;101,92;121,5
25.06.2014;102,31;121,5
24.06.2014;102,45;121,5
23.06.2014;102,07;121,5
20.06.2014;102;121,5
19.06.2014;100,48;121,5
18.06.2014;98,68;121,5
17.06.2014;98,51;121,5
16.06.2014;99,19;121,5
13.06.2014;98,94;121,5
12.06.2014;98,38;121,5
11.06.2014;98,09;121,5
10.06.2014;97,9;121,5
09.06.2014;97,44;121,5
05.06.2014;97,36;121,5
04.06.2014;96,8;121,5
03.06.2014;96,6;121,5
02.06.2014;96,95;121,5
30.05.2014;97,21;121,5
29.05.2014;97,56;121,5
28.05.2014;98,22;121,5
27.05.2014;99,16;121,5
23.05.2014;100,41;121,5
22.05.2014;100,95;121,5
21.05.2014;100,08;121,5
20.05.2014;100,72;121,5
19.05.2014;101,23;121,5
16.05.2014;100,42;121,5
15.05.2014;101;121,5
14.05.2014;101,49;121,5
13.05.2014;100,81;121,5
12.05.2014;100,99;121,5
09.05.2014;100,41;121,5
08.05.2014;100,08;121,5
07.05.2014;100,78;121,5
06.05.2014;101,58;121,5
02.05.2014;99,66;121,5
01.05.2014;99,45;121,5
30.04.2014;100,22;121,5
29.04.2014;100,94;121,5
28.04.2014;101,04;121,5
25.04.2014;101,22;121,5
24.04.2014;100,46;121,5
23.04.2014;99,98;121,5
22.04.2014;100,09;121,5
17.04.2014;101,06;121,5
16.04.2014;101,25;121,5
15.04.2014;100,98;121,5
14.04.2014;103,14;121,5
11.04.2014;102,54;121,5
10.04.2014;102,74;121,5
09.04.2014;101,29;121,5
08.04.2014;101,89;121,5
07.04.2014;101,08;121,5
04.04.2014;100,95;121,5
03.04.2014;99,92;121,5
02.04.2014;100,54;121,5
01.04.2014;99,9;121,5
31.03.2014;100,52;121,5
28.03.2014;100,76;121,5
27.03.2014;100,86;121,5
26.03.2014;101,48;121,5
25.03.2014;102,22;121,5
24.03.2014;102,01;121,5
21.03.2014;103,99;121,5
20.03.2014;103,29;121,5
19.03.2014;104,15;121,5
18.03.2014;105,54;121,5
17.03.2014;107,31;121,5
14.03.2014;107,82;121,5
13.03.2014;106,56;121,5
12.03.2014;106,35;121,5
11.03.2014;104,81;121,5
10.03.2014;104,64;121,5
07.03.2014;103,96;121,5
06.03.2014;104,74;121,5
05.03.2014;104,11;121,5
04.03.2014;103,93;121,5
03.03.2014;105,08;121,5
28.02.2014;103,3;121,5
27.02.2014;103,74;121,5
26.02.2014;103,7;121,5
25.02.2014;104,27;121,5
24.02.2014;103,94;121,5
20.02.2014;102,51;121,5
19.02.2014;102,84;121,5
18.02.2014;102,86;121,5
17.02.2014;103,39;121,5
14.02.2014;102,81;121,5
13.02.2014;100,95;121,5
12.02.2014;100,44;121,5
11.02.2014;99,86;121,5
10.02.2014;99,47;121,5
07.02.2014;98,1;121,5
06.02.2014;97,88;121,5
05.02.2014;97,73;121,5
04.02.2014;97,4;121,5
03.02.2014;98,32;121,5
31.01.2014;97,47;121,5
30.01.2014;96,8;121,5
29.01.2014;98,49;121,5
28.01.2014;97,5;121,5
27.01.2014;98,22;121,5
24.01.2014;98,73;121,5
23.01.2014;98,42;121,5
22.01.2014;96,72;121,5
21.01.2014;96,49;121,5
20.01.2014;97,87;121,5
17.01.2014;97,43;121,5
16.01.2014;96,77;121,5
15.01.2014;96,34;121,5
14.01.2014;97,56;121,5
13.01.2014;97,29;121,5
10.01.2014;97;121,5
09.01.2014;95,59;121,5
08.01.2014;95,2;121,5
07.01.2014;95,71;121,5
06.01.2014;97,17;121,5
03.01.2014;96,26;121,5
02.01.2014;95,52;121,5
30.12.2013;93,91;121,5
27.12.2013;94,68;121,5
24.12.2013;93,3;121,5
23.12.2013;93,49;121,5
20.12.2013;93,21;121,5
19.12.2013;93,27;121,5
18.12.2013;95,98;121,5
17.12.2013;96,08;121,5
16.12.2013;96,31;121,5
13.12.2013;96,1;121,5
12.12.2013;95,58;121,5
11.12.2013;98,35;121,5
10.12.2013;98,78;121,5
09.12.2013;96,51;121,5
06.12.2013;96,2;121,5
05.12.2013;95,39;121,5
04.12.2013;95,78;121,5
03.12.2013;94,98;121,5
02.12.2013;95,93;121,5
29.11.2013;97,78;121,5
28.11.2013;97,2;121,5
27.11.2013;97,16;121,5
26.11.2013;97,35;121,5
25.11.2013;97;121,5
22.11.2013;97,26;121,5
21.11.2013;96,78;121,5
20.11.2013;98,12;121,5
19.11.2013;99,58;121,5
18.11.2013;100,19;121,5
15.11.2013;100,49;121,5
14.11.2013;100,39;121,5
13.11.2013;99,34;121,5
11.11.2013;100,13;121,5
07.11.2013;102,07;121,5
06.11.2013;103;121,5
05.11.2013;102,09;121,5
04.11.2013;103,13;121,5
01.11.2013;102,06;121,5
31.10.2013;103,42;121,5
30.10.2013;105,85;121,5
29.10.2013;105,42;121,5
28.10.2013;106,34;121,5
25.10.2013;105,31;121,5
24.10.2013;105,08;121,5
23.10.2013;104,03;121,5
22.10.2013;104,17;121,5
21.10.2013;102,97;121,5
18.10.2013;102,9;121,5
17.10.2013;103,11;121,5
16.10.2013;99,57;121,5
15.10.2013;99,34;121,5
14.10.2013;100,53;121,5
11.10.2013;98,97;121,5
10.10.2013;101,55;121,5
09.10.2013;101,98;121,5
08.10.2013;103,99;121,5
07.10.2013;103,52;121,5
04.10.2013;102,45;121,5
03.10.2013;102,94;121,5
02.10.2013;102,18;121,5
01.10.2013;100,98;121,5
30.09.2013;103,78;121,5
27.09.2013;104,92;121,5
26.09.2013;104,29;121,5
25.09.2013;103,5;121,5
24.09.2013;102,83;121,5
23.09.2013;103,52;121,5
20.09.2013;105,58;121,5
19.09.2013;106,86;121,5
18.09.2013;101,88;121,5
17.09.2013;102,77;121,5
16.09.2013;103,69;121,5
13.09.2013;103,27;121,5
12.09.2013;104,01;121,5
11.09.2013;106,82;121,5
10.09.2013;106,39;121,5
09.09.2013;108,87;121,5
06.09.2013;108,64;121,5
05.09.2013;108,49;121,5
04.09.2013;108,88;121,5
03.09.2013;109,63;121,5
02.09.2013;109,06;121,5
30.08.2013;109,26;121,5
29.08.2013;110,29;121,5
28.08.2013;111,21;121,5
27.08.2013;111,2;121,5
23.08.2013;107,94;121,5
22.08.2013;107,79;121,5
21.08.2013;106,81;121,5
20.08.2013;107,56;121,5
19.08.2013;106,97;121,5
16.08.2013;107,31;121,5
15.08.2013;104,25;121,5
14.08.2013;104;121,5
13.08.2013;104,16;121,5
12.08.2013;105,14;121,5
09.08.2013;102,62;121,5
08.08.2013;101,78;121,5
07.08.2013;100,56;121,5
06.08.2013;100,4;121,5
05.08.2013;102,3;121,5
02.08.2013;102,66;121,5
01.08.2013;103,11;121,5
31.07.2013;103,07;121,5
30.07.2013;103,83;121,5
29.07.2013;104,27;121,5
26.07.2013;104,38;121,5
25.07.2013;103,99;121,5
24.07.2013;104,7;121,5
23.07.2013;104,58;121,5
22.07.2013;104,08;121,5
19.07.2013;101,64;121,5
18.07.2013;100,67;121,5
17.07.2013;101,77;121,5
16.07.2013;101,32;121,5
15.07.2013;100,8;121,5
12.07.2013;100,41;121,5
11.07.2013;100,83;121,5
10.07.2013;98,59;121,5
09.07.2013;98,55;121,5
08.07.2013;96,96;121,5
05.07.2013;95,21;121,5
04.07.2013;98,29;121,5
03.07.2013;98,16;121,5
02.07.2013;98,35;121,5
01.07.2013;97,59;121,5
28.06.2013;93,61;121,5
27.06.2013;96,81;121,5
26.06.2013;97,09;121,5
25.06.2013;100,46;121,5
24.06.2013;101,08;121,5
21.06.2013;101,75;121,5
20.06.2013;101,54;121,5
19.06.2013;107,94;121,5
18.06.2013;107,47;121,5
17.06.2013;108,89;121,5
14.06.2013;109,4;121,5
13.06.2013;108,92;121,5
12.06.2013;108,74;121,5
11.06.2013;108,08;121,5
10.06.2013;108,78;121,5
07.06.2013;109,01;121,5
06.06.2013;110,11;121,5
05.06.2013;110,42;121,5
04.06.2013;110,07;121,5
03.06.2013;110,31;121,5
31.05.2013;109,68;121,5
30.05.2013;111,19;121,5
29.05.2013;108,77;121,5
28.05.2013;108,3;121,5
24.05.2013;109,39;121,5
23.05.2013;108,63;121,5
22.05.2013;110,84;121,5
21.05.2013;107,11;121,5
20.05.2013;106,64;121,5
17.05.2013;107,75;121,5
16.05.2013;108,72;121,5
15.05.2013;111;121,5
13.05.2013;112,66;121,5
10.05.2013;112,33;121,5
08.05.2013;115,63;121,5
07.05.2013;113,77;121,5
03.05.2013;115,74;121,5
02.05.2013;115,75;121,5
01.05.2013;114,6;121,5
30.04.2013;115,72;121,5
29.04.2013;115,6;121,5
26.04.2013;115,92;121,5
25.04.2013;114,31;121,5
24.04.2013;112,54;121,5
23.04.2013;110,93;121,5
22.04.2013;112,23;121,5
19.04.2013;110,73;121,5
18.04.2013;109,81;121,5
17.04.2013;109,68;121,5
16.04.2013;108,73;121,5
15.04.2013;109,91;121,5
12.04.2013;120,99;121,5
11.04.2013;123,32;121,5
10.04.2013;124,11;121,5
09.04.2013;124,29;121,5
08.04.2013;124,11;121,5
05.04.2013;123,57;121,5
04.04.2013;121,9;121,5
03.04.2013;124,13;121,5
02.04.2013;124,82;121,5
28.03.2013;126;121,5
27.03.2013;126,37;121,5
26.03.2013;125,98;121,5
25.03.2013;126,08;121,5
22.03.2013;126,76;121,5
21.03.2013;127,24;121,5
20.03.2013;126,75;121,5
19.03.2013;127,01;121,5
18.03.2013;126,46;121,5
15.03.2013;125,81;121,5
14.03.2013;125,07;121,5
13.03.2013;125,33;121,5
12.03.2013;125,71;121,5
11.03.2013;124,53;121,5
08.03.2013;124,75;121,5
07.03.2013;124,58;121,5
06.03.2013;124,15;121,5
05.03.2013;124,61;121,5
04.03.2013;124,18;121,5
01.03.2013;124,82;121,5
28.02.2013;125,32;121,5
27.02.2013;126,56;121,5
26.02.2013;125,48;121,5
25.02.2013;125,14;121,5
22.02.2013;124,39;121,5
21.02.2013;124,43;121,5
20.02.2013;125,35;121,5
19.02.2013;126,88;121,5
18.02.2013;127,12;121,5
15.02.2013;127,24;121,5
14.02.2013;129,91;121,5
13.02.2013;129,83;121,5
12.02.2013;130,03;121,5
11.02.2013;130,39;121,5
08.02.2013;131,68;121,5
07.02.2013;131,66;121,5
06.02.2013;132,16;121,5
05.02.2013;132,11;121,5
04.02.2013;131,52;121,5
01.02.2013;131,76;121,5
31.01.2013;131,43;121,5
30.01.2013;132,44;121,5
29.01.2013;131,34;121,5
28.01.2013;130,79;121,5
25.01.2013;131,08;121,5
24.01.2013;131,94;121,5
23.01.2013;133,47;121,5
22.01.2013;133,49;121,5
21.01.2013;133,25;121,5
18.01.2013;133,34;121,5
17.01.2013;132,28;121,5
16.01.2013;132,38;121,5
15.01.2013;132,72;121,5
14.01.2013;131,62;121,5
11.01.2013;130,91;121,5
10.01.2013;132,28;121,5
09.01.2013;130,94;121,5
08.01.2013;130,8;121,5
07.01.2013;129,96;121,5
04.01.2013;130,19;121,5
03.01.2013;132,68;121,5
02.01.2013;133,83;121,5
28.12.2012;130,98;121,5
27.12.2012;130,84;121,5
21.12.2012;130,55;121,5
20.12.2012;130,48;121,5
19.12.2012;131,63;121,5
18.12.2012;133,91;121,5
17.12.2012;134,05;121,5
14.12.2012;134,09;121,5
13.12.2012;133,82;121,5
12.12.2012;135,68;121,5
11.12.2012;135,19;121,5
10.12.2012;135,39;121,5
07.12.2012;134,53;121,5
06.12.2012;133,95;121,5
05.12.2012;133,94;121,5
04.12.2012;134,24;121,5
03.12.2012;136;121,5
30.11.2012;136,48;121,5
29.11.2012;136,4;121,5
28.11.2012;135,07;121,5
27.11.2012;138,11;121,5
26.11.2012;138,45;121,5
23.11.2012;137,2;121,5
22.11.2012;136,92;121,5
21.11.2012;136,38;121,5
20.11.2012;137,03;121,5
19.11.2012;136,9;121,5
16.11.2012;135,57;121,5
15.11.2012;135,29;121,5
14.11.2012;136,54;121,5
13.11.2012;136,59;121,5
12.11.2012;137,3;121,5
09.11.2012;137,55;121,5
08.11.2012;135,86;121,5
07.11.2012;135,73;121,5
06.11.2012;133,81;121,5
05.11.2012;133,22;121,5
02.11.2012;133,35;121,5
01.11.2012;135,85;121,5
31.10.2012;136,07;121,5
30.10.2012;135,36;121,5
29.10.2012;135,13;121,5
26.10.2012;135,85;121,5
25.10.2012;135,81;121,5
24.10.2012;135,11;121,5
23.10.2012;135,47;121,5
22.10.2012;136,72;121,5
19.10.2012;137,54;121,5
18.10.2012;138,02;121,5
17.10.2012;138,5;121,5
16.10.2012;138,31;121,5
15.10.2012;137,49;121,5
12.10.2012;139,94;121,5
11.10.2012;140,12;121,5
10.10.2012;139,52;121,5
09.10.2012;140,53;121,5
08.10.2012;140,5;121,5
05.10.2012;141,34;121,5
04.10.2012;141,95;121,5
03.10.2012;140,66;121,5
02.10.2012;140,69;121,5
01.10.2012;141,6;121,5
28.09.2012;140,74;121,5
27.09.2012;139,71;121,5
26.09.2012;138,28;121,5
25.09.2012;140,42;121,5
24.09.2012;139,71;121,5
21.09.2012;141,47;121,5
20.09.2012;139,43;121,5
19.09.2012;140,1;121,5
18.09.2012;140,32;121,5
17.09.2012;140,36;121,5
14.09.2012;140,81;121,5
13.09.2012;137,52;121,5
12.09.2012;137,82;121,5
11.09.2012;137,8;121,5
10.09.2012;137,43;121,5
07.09.2012;137,12;121,5
06.09.2012;135,01;121,5
05.09.2012;134,14;121,5
04.09.2012;134,7;121,5
03.09.2012;134,27;121,5
31.08.2012;130,86;121,5
30.08.2012;131,81;121,5
29.08.2012;131,77;121,5
28.08.2012;132,41;121,5
24.08.2012;132,34;121,5
23.08.2012;132,21;121,5
22.08.2012;130,38;121,5
21.08.2012;130,18;121,5
20.08.2012;128,26;121,5
17.08.2012;128,25;121,5
16.08.2012;127,44;121,5
15.08.2012;127,23;121,5
14.08.2012;126,91;121,5
13.08.2012;128,89;121,5
10.08.2012;128,58;121,5
09.08.2012;128,3;121,5
08.08.2012;128,17;121,5
07.08.2012;127,99;121,5
06.08.2012;127,91;121,5
03.08.2012;127,29;121,5
02.08.2012;126,9;121,5
01.08.2012;127,06;121,5
31.07.2012;128,89;121,5
30.07.2012;128,56;121,5
27.07.2012;128,61;121,5
26.07.2012;128,59;121,5
25.07.2012;127,26;121,5
24.07.2012;125,86;121,5
23.07.2012;124,99;121,5
20.07.2012;125,32;121,5
19.07.2012;125,94;121,5
18.07.2012;125,25;121,5
17.07.2012;126,05;121,5
16.07.2012;126,41;121,5
13.07.2012;126,88;121,5
12.07.2012;123,77;121,5
11.07.2012;125,44;121,5
10.07.2012;126,89;121,5
09.07.2012;126,08;121,5
06.07.2012;126,25;121,5
05.07.2012;127,61;121,5
04.07.2012;128,38;121,5
03.07.2012;128,7;121,5
02.07.2012;126,67;121,5
29.06.2012;127,2;
28.06.2012;124,08;121,5
27.06.2012;125,28;121,5
26.06.2012;125,48;121,5
25.06.2012;125,01;121,5
22.06.2012;124,66;121,5
21.06.2012;125,98;121,5
20.06.2012;127,5;121,5
19.06.2012;129,45;121,5
18.06.2012;128,66;121,5
15.06.2012;129,61;121,5
14.06.2012;128,51;121,5
13.06.2012;128,99;121,5
12.06.2012;127,73;121,5
11.06.2012;126,17;121,5
08.06.2012;125,58;121,5
07.06.2012;127,96;121,5
06.06.2012;130,26;121,5
01.06.2012;127,98;121,5
31.05.2012;124,16;121,5
30.05.2012;122,73;121,5
29.05.2012;125,91;121,5
28.05.2012;125,52;121,5
25.05.2012;125,12;121,5
24.05.2012;125,04;121,5
23.05.2012;123,48;121,5
22.05.2012;126,18;121,5
21.05.2012;126,97;121,5
18.05.2012;126,74;121,5
17.05.2012;123,92;121,5
16.05.2012;123,48;121,5
15.05.2012;124,12;121,5
14.05.2012;124,29;121,5
11.05.2012;126,26;121,5
10.05.2012;127,5;121,5
09.05.2012;126,23;121,5
08.05.2012;127,84;121,5
04.05.2012;131,18;121,5
03.05.2012;130,7;121,5
02.05.2012;131,52;121,5
01.05.2012;132,81;121,5
30.04.2012;131,8;121,5
27.04.2012;132,79;121,5
26.04.2012;132;121,5
25.04.2012;130,74;121,5
24.04.2012;131,68;121,5
23.04.2012;130,05;121,5
20.04.2012;131,06;121,5
19.04.2012;131,74;121,5
18.04.2012;131,26;121,5
17.04.2012;130,59;121,5
16.04.2012;131,98;121,5
13.04.2012;133,07;121,5
12.04.2012;133,23;121,5
11.04.2012;132,4;121,5
10.04.2012;131,29;121,5
05.04.2012;130,26;121,5
04.04.2012;129,46;121,5
03.04.2012;133,94;121,5
02.04.2012;134,04;121,5
30.03.2012;132,85;121,5
29.03.2012;132,45;121,5
28.03.2012;133,94;121,5
27.03.2012;135,22;121,5
26.03.2012;134,29;121,5
22.03.2012;130,74;121,5
21.03.2012;131,85;121,5
20.03.2012;132,45;121,5
19.03.2012;132,83;121,5
16.03.2012;132,56;121,5
15.03.2012;131,77;121,5
14.03.2012;131,47;121,5
13.03.2012;135,14;121,5
12.03.2012;135,75;121,5
07.03.2012;134,18;121,5
06.03.2012;133,5;121,5
05.03.2012;136,4;121,5
02.03.2012;136,57;121,5
01.03.2012;137,14;121,5
28.02.2012;142,55;121,5
27.02.2012;141,84;121,5
24.02.2012;142,29;121,5
23.02.2012;142,25;121,5
22.02.2012;140,26;121,5
21.02.2012;139,94;121,5
20.02.2012;138,74;121,5
17.02.2012;137,95;121,5
16.02.2012;137,16;121,5
15.02.2012;138,78;121,5
14.02.2012;137,89;121,5
13.02.2012;137,73;121,5
10.02.2012;137,06;121,5
09.02.2012;140,02;121,5
08.02.2012;139,86;121,5
07.02.2012;138,11;121,5
06.02.2012;137,72;121,5
03.02.2012;138,93;121,5
02.02.2012;140,3;121,5
01.02.2012;139,42;121,5
31.01.2012;139,74;121,5
30.01.2012;138,54;121,5
27.01.2012;138,31;121,5
26.01.2012;138,39;121,5
25.01.2012;132,32;121,5
24.01.2012;133,57;121,5
23.01.2012;134,37;121,5
20.01.2012;132,59;121,5
19.01.2012;132,75;121,5
18.01.2012;132,12;121,5
17.01.2012;132,83;121,5
16.01.2012;131,64;121,5
13.01.2012;131,2;121,5
12.01.2012;133,27;121,5
11.01.2012;131,17;121,5
10.01.2012;131,38;121,5
09.01.2012;129,62;121,5
06.01.2012;129,75;121,5
05.01.2012;128,34;121,5
04.01.2012;129,48;121,5
03.01.2012;128,27;121,5
29.12.2011;122,95;121,5
28.12.2011;126,2;121,5
23.12.2011;129,07;121,5
22.12.2011;129,07;121,5
21.12.2011;129,2;122,45
20.12.2011;129,64;122,45
19.12.2011;128,41;121,94
16.12.2011;128,09;122,37
15.12.2011;126,49;121,6
14.12.2011;128,82;128,25
13.12.2011;134,5;128,25
12.12.2011;133,45;127,65
09.12.2011;137,48;128,6
08.12.2011;137,96;130,41
07.12.2011;139,61;130,5
06.12.2011;137,4;129,38
05.12.2011;140,32;131,89
02.12.2011;140,57;134,04
01.12.2011;140,97;134,22
30.11.2011;140,49;133,96
29.11.2011;138,19;132,18
28.11.2011;137,95;133,99
25.11.2011;135,92;131,53
24.11.2011;136,24;132,74
23.11.2011;135,31;133,68
22.11.2011;136,78;133,68
21.11.2011;137,02;134,8
18.11.2011;138,4;137,14
17.11.2011;140,29;138,25
16.11.2011;141,38;140,05
15.11.2011;143,72;140,15
14.11.2011;142,99;140,06
11.11.2011;142,76;140,06
10.11.2011;141,4;139,97
09.11.2011;143,65;141,95
08.11.2011;144,56;142,9
07.11.2011;143,51;140,59
04.11.2011;140,87;139,68
03.11.2011;141,6;139,81
02.11.2011;140,38;138,43
01.11.2011;136,87;135,28
31.10.2011;138,77;140,31
28.10.2011;140,33;140,31
27.10.2011;138,48;138,51
26.10.2011;138,23;136,12
25.10.2011;133,49;132,94
24.10.2011;133,16;132,42
21.10.2011;132,4;1.642,50
20.10.2011;130,6;128,38
19.10.2011;133,23;132,01
18.10.2011;131,52;131,25
17.10.2011;135,66;135,32
14.10.2011;135,34;133,85
13.10.2011;133,58;132,3
12.10.2011;135,69;133,25
11.10.2011;134,18;130,53
10.10.2011;134,02;130,44
07.10.2011;133,3;131,8
06.10.2011;131,94;128,91
05.10.2011;130,49;124,5
04.10.2011;132,17;127,67
03.10.2011;133,6;129,43
30.09.2011;130,71;130,3
29.09.2011;130,14;1.613,00
28.09.2011;132,55;1.643,00
27.09.2011;133,84;131,59
26.09.2011;128,99;131,59
23.09.2011;136,38;1.689,00
22.09.2011;139,02;131,59
21.09.2011;144,87;131,59
20.09.2011;145,35;131,59
19.09.2011;144,95;131,59
16.09.2011;144,96;131,59
15.09.2011;143,98;131,59
14.09.2011;146,88;131,59
13.09.2011;147,01;131,59
12.09.2011;148,14;131,59
09.09.2011;149,51;131,59
08.09.2011;149,84;1.855,00
07.09.2011;146,19;131,59
06.09.2011;153,06;131,59
05.09.2011;153,06;131,59
02.09.2011;151,45;131,59
01.09.2011;147,05;131,59
31.08.2011;146,43;131,59
30.08.2011;147,36;131,59
26.08.2011;144,38;131,59
25.08.2011;139,62;131,59
24.08.2011;142,94;131,59
23.08.2011;151,45;1.876,00
22.08.2011;151,57;131,59
19.08.2011;149,19;131,59
18.08.2011;147,26;131,59
17.08.2011;144,48;131,59
16.08.2011;143,88;131,59
15.08.2011;140,36;131,59
12.08.2011;140,13;131,59
11.08.2011;142,05;131,59
10.08.2011;143,02;131,59
09.08.2011;140,1;131,59
08.08.2011;136,65;131,59
05.08.2011;133,89;131,59
04.08.2011;135,56;131,59
03.08.2011;134,72;131,59
02.08.2011;132,18;131,59
01.08.2011;130,99;131,59
29.07.2011;131,44;131,59
28.07.2011;130,23;131,59
27.07.2011;131,17;131,59
26.07.2011;130,17;131,59
25.07.2011;130,23;131,59
22.07.2011;129,31;131,59
21.07.2011;129,23;131,59
20.07.2011;128,02;131,59
19.07.2011;129,23;131,59
18.07.2011;129,07;131,59
15.07.2011;128,1;131,59
14.07.2011;128,38;131,59
13.07.2011;127,46;131,59
12.07.2011;125,16;131,59
11.07.2011;125,56;131,59
08.07.2011;124,42;131,59
07.07.2011;123,29;131,59
06.07.2011;123,26;131,59
05.07.2011;121,86;131,59
04.07.2011;120,64;131,59
01.07.2011;119,68;1.483,00
30.06.2011;121,5;131,59
29.06.2011;121,39;131,59
28.06.2011;120,96;131,59
27.06.2011;120,88;131,59
24.06.2011;122,23;131,59
23.06.2011;122,9;131,59
22.06.2011;125,32;1.552,50
21.06.2011;124,69;131,59
20.06.2011;124,63;131,59
17.06.2011;124,11;131,59
16.06.2011;122,97;131,59
15.06.2011;123,49;131,59
14.06.2011;122,37;1.516,00
13.06.2011;123,19;131,59
10.06.2011;123,43;1.529,25
09.06.2011;124,12;131,59
08.06.2011;124,11;1.537,75
07.06.2011;124,7;1.545,00
06.06.2011;125,02;1.549,00
03.06.2011;124,3;1.540,00
02.06.2011;124,26;1.539,50
01.06.2011;123,79;131,59
31.05.2011;124,01;131,59
27.05.2011;123,74;131,59
26.05.2011;122,57;131,59
25.05.2011;123,18;131,59
24.05.2011;123,24;131,59
23.05.2011;121,92;131,59
20.05.2011;120,31;131,59
19.05.2011;120,49;131,59
18.05.2011;120,76;131,59
17.05.2011;119,31;131,59
16.05.2011;121,11;131,59
13.05.2011;121,52;129,84
12.05.2011;120,21;129,84
11.05.2011;121,71;129,84
10.05.2011;122,16;1.513,50
09.05.2011;121,23;129,84
06.05.2011;119,96;129,84
05.05.2011;121,96;132,01
04.05.2011;124,42;134,07
03.05.2011;124,36;131,94
28.04.2011;123,98;131,94
27.04.2011;122,01;131,94
26.04.2011;120,93;130,77
21.04.2011;121,46;131,32
20.04.2011;121,21;131,04
19.04.2011;120,36;130,13
18.04.2011;120,56;1.493,00
15.04.2011;119,24;128,92
14.04.2011;118,35;127,95
13.04.2011;117,67;127,22
12.04.2011;117,11;126,61
11.04.2011;118,51;1.468,00
08.04.2011;118,64;128,26
07.04.2011;117,84;127,39
06.04.2011;118;127,56
05.04.2011;115,76;125,11
04.04.2011;115,92;125,56
01.04.2011;114,53;123,74
31.03.2011;116,24;125,56
30.03.2011;115,16;124,38
29.03.2011;114,51;123,68
28.03.2011;114,47;125,29
25.03.2011;116,01;125,29
24.03.2011;116,91;126,25
23.03.2011;116,3;125,59
22.03.2011;115,21;124,41
21.03.2011;115,69;124,93
18.03.2011;114,72;123,88
17.03.2011;113,42;122,48
16.03.2011;113,28;122,32
15.03.2011;113,16;122,19
14.03.2011;114,91;124,09
11.03.2011;114,06;123,16
10.03.2011;114,2;123,31
09.03.2011;115,64;124,86
08.03.2011;115,26;124,45
07.03.2011;116,17;125,43
04.03.2011;115,33;124,52
03.03.2011;114,89;124,04
02.03.2011;116,01;125,25
01.03.2011;114,83;123,97
28.02.2011;114,04;123,11
25.02.2011;113,36;122,38
24.02.2011;114,09;123,16
23.02.2011;113,91;122,96
22.02.2011;113,25;122,25
21.02.2011;113,41;122,42
18.02.2011;111,84;120,72
17.02.2011;111,48;120,33
16.02.2011;110,85;119,65
15.02.2011;110,98;119,78
14.02.2011;110,35;119,11
11.02.2011;110,27;119,02
10.02.2011;109,4;118,07
09.02.2011;110,35;119,1
08.02.2011;110,23;118,97
07.02.2011;108,95;117,58
04.02.2011;109,56;118,23
03.02.2011;107,37;115,86
02.02.2011;108,1;116,65
01.02.2011;107,66;116,17
31.01.2011;107,29;115,78
28.01.2011;106,65;115,08
27.01.2011;107,91;116,43
26.01.2011;107,38;115,86
25.01.2011;107,06;115,51
24.01.2011;108,59;117,17
21.01.2011;108,64;117,21
20.01.2011;108,8;117,38
19.01.2011;110,94;119,69
18.01.2011;110,74;119,48
17.01.2011;110,02;118,7
14.01.2011;110,56;119,27
13.01.2011;111,72;120,53
12.01.2011;111,51;120,29
11.01.2011;111,13;119,88
10.01.2011;110,67;119,38
07.01.2011;110,57;119,27
06.01.2011;110,69;119,4
05.01.2011;110,65;119,36
04.01.2011;112,34;121,18
31.12.2010;114,11;123,34
30.12.2010;113,73;122,93
29.12.2010;114,3;123,54
24.12.2010;111,72;120,72
23.12.2010;111,16;120,12
22.12.2010;112,25;121,3
21.12.2010;111,93;120,95
20.12.2010;111,69;120,69
17.12.2010;110,76;119,67
16.12.2010;110,32;119,19
15.12.2010;112,42;121,47
14.12.2010;112,89;121,97
13.12.2010;113,26;122,36
10.12.2010;111,35;120,3
09.12.2010;112,65;121,7
08.12.2010;112,19;121,2
07.12.2010;115;124,24
06.12.2010;114,62;123,82
03.12.2010;113,67;122,79
02.12.2010;112,51;121,54
01.12.2010;112,23;121,3
30.11.2010;112,07;120,94
29.11.2010;109,92;118,61
26.11.2010;109,76;118,43
25.11.2010;111,25;120,04
24.11.2010;111,19;119,97
23.11.2010;111,6;120,41
22.11.2010;109,87;118,54
19.11.2010;108,74;117,32
18.11.2010;109,37;118
17.11.2010;108,34;116,89
16.11.2010;109,28;117,89
15.11.2010;110,86;119,6
12.11.2010;112,5;121,37
11.11.2010;113,31;122,23
10.11.2010;112,66;121,53
09.11.2010;115,17;124,24
08.11.2010;112,54;121,4
05.11.2010;113,12;122,02
04.11.2010;111,93;120,73
03.11.2010;109,1;117,68
02.11.2010;109,55;118,16
01.11.2010;109,83;118,46
29.10.2010;109,21;117,79
28.10.2010;108,13;116,63
27.10.2010;107,4;115,84
26.10.2010;107,81;116,28
25.10.2010;108,47;116,98
22.10.2010;107,27;115,68
21.10.2010;108,98;117,53
20.10.2010;108,61;117,13
19.10.2010;108,61;117,13
18.10.2010;110,93;119,62
15.10.2010;110,95;119,64
14.10.2010;111,42;120,15
13.10.2010;110,8;119,47
12.10.2010;109,43;118
11.10.2010;109,68;118,26
08.10.2010;108,87;117,38
07.10.2010;109,16;117,69
06.10.2010;109,28;117,82
05.10.2010;107,99;116,43
04.10.2010;106,62;114,95
01.10.2010;106,85;115,19
30.09.2010;106,1;114,38
29.09.2010;106,14;114,43
28.09.2010;105,06;113,26
27.09.2010;105,31;113,52
24.09.2010;105,31;113,52
23.09.2010;104,81;112,98
22.09.2010;105,04;113,22
21.09.2010;103,57;111,63
20.09.2010;103,91;112
17.09.2010;103,49;111,54
16.09.2010;103,37;111,41
15.09.2010;102,93;110,93
14.09.2010;102,81;110,8
13.09.2010;101,05;108,91
10.09.2010;101,27;109,14
09.09.2010;101,97;109,89
08.09.2010;101,97;109,89
07.09.2010;102,11;110,04
06.09.2010;101,48;109,36
03.09.2010;100,79;108,61
02.09.2010;101,44;109,31
01.09.2010;101,28;109,13
31.08.2010;101,24;109,09
27.08.2010;100,35;108,13
26.08.2010;100,52;108,3
25.08.2010;100,56;108,34
24.08.2010;99,3;106,99
23.08.2010;99,63;107,35
20.08.2010;99,43;107,13
19.08.2010;100,26;108,02
18.08.2010;99;106,66
17.08.2010;99,65;107,36
16.08.2010;99,45;107,14
13.08.2010;98,76;106,33
12.08.2010;98,6;106,22
11.08.2010;97,99;105,56
10.08.2010;96,92;104,41
09.08.2010;97,79;105,33
06.08.2010;98,18;105,75
05.08.2010;96,95;104,43
04.08.2010;97,53;105,05
03.08.2010;96,55;104
02.08.2010;96,64;104,08
30.07.2010;95,07;102,39
29.07.2010;94,54;101,82
28.07.2010;94,1;101,34
27.07.2010;94,99;102,3
26.07.2010;96,25;103,65
23.07.2010;96,82;104,26
22.07.2010;97,55;105,05
21.07.2010;96,91;104,36
20.07.2010;96,21;103,61
19.07.2010;96,05;103,43
16.07.2010;96,73;104,15
15.07.2010;98,24;105,78
14.07.2010;98,17;105,7
13.07.2010;98,9;106,48
12.07.2010;98,05;105,57
09.07.2010;98,31;105,85
08.07.2010;97,06;104,51
07.07.2010;97,05;104,49
06.07.2010;97,19;104,64
05.07.2010;98,25;105,77
02.07.2010;97,73;105,2
01.07.2010;100,34;108,01
30.06.2010;101,14;108,88
29.06.2010;100,38;108,05
28.06.2010;102,56;110,4
25.06.2010;102;109,79
24.06.2010;100,55;108,23
23.06.2010;99,77;107,39
22.06.2010;100,55;108,22
21.06.2010;102,07;109,85
18.06.2010;102,19;109,99
17.06.2010;101,3;109,02
16.06.2010;100,45;108,11
15.06.2010;99,68;107,28